{
	"ImportPath": "k8s.io/heapster",
	"GoVersion": "go1.9",
	"GodepVersion": "v79",
	"Packages": [
		"./..."
	],
	"Deps": [
		{
			"ImportPath": "bitbucket.org/ww/goautoneg",
			"Comment": "null-5",
			"Rev": "75cd24fc2f2c2a2088577d12123ddee5f54e0675"
		},
		{
			"ImportPath": "cloud.google.com/go/compute/metadata",
			"Comment": "v0.16.0-75-g3051b91",
			"Rev": "3051b919da3b8d62bc3a57ab4b353ca1c72402d5"
		},
		{
			"ImportPath": "cloud.google.com/go/internal/version",
			"Comment": "v0.16.0-75-g3051b91",
			"Rev": "3051b919da3b8d62bc3a57ab4b353ca1c72402d5"
		},
		{
			"ImportPath": "cloud.google.com/go/monitoring/apiv3",
			"Comment": "v0.16.0-75-g3051b91",
			"Rev": "3051b919da3b8d62bc3a57ab4b353ca1c72402d5"
		},
		{
			"ImportPath": "github.com/NYTimes/gziphandler",
			"Rev": "56545f4a5d46df9a6648819d1664c3a03a13ffdb"
		},
		{
			"ImportPath": "github.com/PuerkitoBio/purell",
			"Comment": "v1.0.0",
			"Rev": "8a290539e2e8629dbc4e6bad948158f790ec31f4"
		},
		{
			"ImportPath": "github.com/PuerkitoBio/urlesc",
			"Rev": "5bd2802263f21d8788851d5305584c82a5c75d7e"
		},
		{
			"ImportPath": "github.com/Shopify/sarama",
			"Comment": "v1.15.0-22-gd0cc7fe",
			"Rev": "d0cc7fec83626dc42723e528d845d10bf8d82b7f"
		},
		{
			"ImportPath": "github.com/beorn7/perks/quantile",
			"Rev": "3ac7bf7a47d159a033b107610db8a1b6575507a4"
		},
		{
			"ImportPath": "github.com/bluebreezecf/opentsdb-goclient/client",
			"Rev": "539764bd9a9cae6632dea52b5a587451728a3983"
		},
		{
			"ImportPath": "github.com/bluebreezecf/opentsdb-goclient/config",
			"Rev": "539764bd9a9cae6632dea52b5a587451728a3983"
		},
		{
			"ImportPath": "github.com/coreos/etcd/auth/authpb",
			"Comment": "v3.1.10",
			"Rev": "0520cb9304cb2385f7e72b8bc02d6e4d3257158a"
		},
		{
			"ImportPath": "github.com/coreos/etcd/client",
			"Comment": "v3.1.10",
			"Rev": "0520cb9304cb2385f7e72b8bc02d6e4d3257158a"
		},
		{
			"ImportPath": "github.com/coreos/etcd/clientv3",
			"Comment": "v3.1.10",
			"Rev": "0520cb9304cb2385f7e72b8bc02d6e4d3257158a"
		},
		{
			"ImportPath": "github.com/coreos/etcd/etcdserver/api/v3rpc/rpctypes",
			"Comment": "v3.1.10",
			"Rev": "0520cb9304cb2385f7e72b8bc02d6e4d3257158a"
		},
		{
			"ImportPath": "github.com/coreos/etcd/etcdserver/etcdserverpb",
			"Comment": "v3.1.10",
			"Rev": "0520cb9304cb2385f7e72b8bc02d6e4d3257158a"
		},
		{
			"ImportPath": "github.com/coreos/etcd/mvcc/mvccpb",
			"Comment": "v3.1.10",
			"Rev": "0520cb9304cb2385f7e72b8bc02d6e4d3257158a"
		},
		{
			"ImportPath": "github.com/coreos/etcd/pkg/fileutil",
			"Comment": "v3.1.10",
			"Rev": "0520cb9304cb2385f7e72b8bc02d6e4d3257158a"
		},
		{
			"ImportPath": "github.com/coreos/etcd/pkg/pathutil",
			"Comment": "v3.1.10",
			"Rev": "0520cb9304cb2385f7e72b8bc02d6e4d3257158a"
		},
		{
			"ImportPath": "github.com/coreos/etcd/pkg/tlsutil",
			"Comment": "v3.1.10",
			"Rev": "0520cb9304cb2385f7e72b8bc02d6e4d3257158a"
		},
		{
			"ImportPath": "github.com/coreos/etcd/pkg/transport",
			"Comment": "v3.1.10",
			"Rev": "0520cb9304cb2385f7e72b8bc02d6e4d3257158a"
		},
		{
			"ImportPath": "github.com/coreos/etcd/pkg/types",
			"Comment": "v3.1.10",
			"Rev": "0520cb9304cb2385f7e72b8bc02d6e4d3257158a"
		},
		{
			"ImportPath": "github.com/coreos/go-systemd/daemon",
			"Comment": "v14",
			"Rev": "48702e0da86bd25e76cfef347e2adeb434a0d0a6"
		},
		{
			"ImportPath": "github.com/coreos/go-systemd/journal",
			"Comment": "v14",
			"Rev": "48702e0da86bd25e76cfef347e2adeb434a0d0a6"
		},
		{
			"ImportPath": "github.com/coreos/pkg/capnslog",
			"Comment": "v2-8-gfa29b1d",
			"Rev": "fa29b1d70f0beaddd4c7021607cc3c3be8ce94b8"
		},
		{
			"ImportPath": "github.com/davecgh/go-spew/spew",
			"Rev": "5215b55f46b2b919f50a1df0eaa5886afe4e3b3d"
		},
		{
			"ImportPath": "github.com/docker/distribution/digestset",
			"Comment": "v2.6.0-rc.1-209-gedc3ab2",
			"Rev": "edc3ab29cdff8694dd6feb85cfeb4b5f1b38ed9c"
		},
		{
			"ImportPath": "github.com/docker/distribution/reference",
			"Comment": "v2.6.0-rc.1-209-gedc3ab2",
			"Rev": "edc3ab29cdff8694dd6feb85cfeb4b5f1b38ed9c"
		},
		{
			"ImportPath": "github.com/eapache/go-resiliency/breaker",
			"Comment": "v1.0.0-10-gef9aaa7",
			"Rev": "ef9aaa7ea8bd2448429af1a77cf41b2b3b34bdd6"
		},
		{
			"ImportPath": "github.com/eapache/go-xerial-snappy",
			"Rev": "bb955e01b9346ac19dc29eb16586c90ded99a98c"
		},
		{
			"ImportPath": "github.com/eapache/queue",
			"Comment": "v1.0.2-7-g44cc805",
			"Rev": "44cc805cf13205b55f69e14bcb69867d1ae92f98"
		},
		{
			"ImportPath": "github.com/elazarl/go-bindata-assetfs",
			"Rev": "3dcc96556217539f50599357fb481ac0dc7439b9"
		},
		{
			"ImportPath": "github.com/emicklei/go-restful",
			"Comment": "2.2.0-4-gff4f55a",
			"Rev": "ff4f55a206334ef123e4f79bbf348980da81ca46"
		},
		{
			"ImportPath": "github.com/emicklei/go-restful-swagger12",
			"Comment": "1.0.1",
			"Rev": "dcef7f55730566d41eae5db10e7d6981829720f6"
		},
		{
			"ImportPath": "github.com/emicklei/go-restful/log",
			"Comment": "2.2.0-4-gff4f55a",
			"Rev": "ff4f55a206334ef123e4f79bbf348980da81ca46"
		},
		{
			"ImportPath": "github.com/evanphx/json-patch",
			"Rev": "465937c80b3c07a7c7ad20cc934898646a91c1de"
		},
		{
			"ImportPath": "github.com/ghodss/yaml",
			"Rev": "73d445a93680fa1a78ae23a5839bad48f32ba1ee"
		},
		{
			"ImportPath": "github.com/go-openapi/jsonpointer",
			"Rev": "46af16f9f7b149af66e5d1bd010e3574dc06de98"
		},
		{
			"ImportPath": "github.com/go-openapi/jsonreference",
			"Rev": "13c6e3589ad90f49bd3e3bbe2c2cb3d7a4142272"
		},
		{
			"ImportPath": "github.com/go-openapi/spec",
			"Rev": "6aced65f8501fe1217321abf0749d354824ba2ff"
		},
		{
			"ImportPath": "github.com/go-openapi/swag",
			"Rev": "1d0bd113de87027671077d3c71eb3ac5d7dbba72"
		},
		{
			"ImportPath": "github.com/gogo/protobuf/proto",
			"Comment": "v0.3-162-gc0656ed",
			"Rev": "c0656edd0d9eab7c66d1eb0c568f9039345796f7"
		},
		{
			"ImportPath": "github.com/gogo/protobuf/sortkeys",
			"Comment": "v0.3-162-gc0656ed",
			"Rev": "c0656edd0d9eab7c66d1eb0c568f9039345796f7"
		},
		{
			"ImportPath": "github.com/golang/glog",
			"Rev": "44145f04b68cf362d9c4df2182967c2275eaefed"
		},
		{
			"ImportPath": "github.com/golang/protobuf/jsonpb",
			"Rev": "1643683e1b54a9e88ad26d98f81400c8c9d9f4f9"
		},
		{
			"ImportPath": "github.com/golang/protobuf/proto",
			"Rev": "1643683e1b54a9e88ad26d98f81400c8c9d9f4f9"
		},
		{
			"ImportPath": "github.com/golang/protobuf/protoc-gen-go/descriptor",
			"Rev": "1643683e1b54a9e88ad26d98f81400c8c9d9f4f9"
		},
		{
			"ImportPath": "github.com/golang/protobuf/ptypes",
			"Rev": "1643683e1b54a9e88ad26d98f81400c8c9d9f4f9"
		},
		{
			"ImportPath": "github.com/golang/protobuf/ptypes/any",
			"Rev": "1643683e1b54a9e88ad26d98f81400c8c9d9f4f9"
		},
		{
			"ImportPath": "github.com/golang/protobuf/ptypes/duration",
			"Rev": "1643683e1b54a9e88ad26d98f81400c8c9d9f4f9"
		},
		{
			"ImportPath": "github.com/golang/protobuf/ptypes/empty",
			"Rev": "1643683e1b54a9e88ad26d98f81400c8c9d9f4f9"
		},
		{
			"ImportPath": "github.com/golang/protobuf/ptypes/struct",
			"Rev": "1643683e1b54a9e88ad26d98f81400c8c9d9f4f9"
		},
		{
			"ImportPath": "github.com/golang/protobuf/ptypes/timestamp",
			"Rev": "1643683e1b54a9e88ad26d98f81400c8c9d9f4f9"
		},
		{
			"ImportPath": "github.com/golang/snappy",
			"Rev": "723cc1e459b8eea2dea4583200fd60757d40097a"
		},
		{
			"ImportPath": "github.com/google/btree",
			"Rev": "7d79101e329e5a3adf994758c578dab82b90c017"
		},
		{
			"ImportPath": "github.com/google/cadvisor/info/v1",
			"Comment": "v0.28.0-14-g5231853",
			"Rev": "5231853e7124d03b32678c7d2b0f4651dfa6110c"
		},
		{
			"ImportPath": "github.com/google/gofuzz",
			"Rev": "44d81051d367757e1c7c6a5a86423ece9afcf63c"
		},
		{
			"ImportPath": "github.com/googleapis/gax-go",
			"Comment": "v2.0.0",
			"Rev": "317e0006254c44a0ac427cc52a0e083ff0b9622f"
		},
		{
			"ImportPath": "github.com/googleapis/gnostic/OpenAPIv2",
			"Comment": "v0.1.0",
			"Rev": "ee43cbb60db7bd22502942cccbc39059117352ab"
		},
		{
			"ImportPath": "github.com/googleapis/gnostic/compiler",
			"Comment": "v0.1.0",
			"Rev": "ee43cbb60db7bd22502942cccbc39059117352ab"
		},
		{
			"ImportPath": "github.com/googleapis/gnostic/extensions",
			"Comment": "v0.1.0",
			"Rev": "ee43cbb60db7bd22502942cccbc39059117352ab"
		},
		{
			"ImportPath": "github.com/gregjones/httpcache",
			"Rev": "c1f8028e62adb3d518b823a2f8e6a95c38bdd3aa"
		},
		{
			"ImportPath": "github.com/gregjones/httpcache/diskcache",
			"Rev": "c1f8028e62adb3d518b823a2f8e6a95c38bdd3aa"
		},
		{
			"ImportPath": "github.com/grpc-ecosystem/go-grpc-prometheus",
			"Comment": "v1.1-4-g2500245",
			"Rev": "2500245aa6110c562d17020fb31a2c133d737799"
		},
		{
			"ImportPath": "github.com/grpc-ecosystem/grpc-gateway/runtime",
			"Comment": "v1.0.0-8-gf52d055",
			"Rev": "f52d055dc48aec25854ed7d31862f78913cf17d1"
		},
		{
			"ImportPath": "github.com/grpc-ecosystem/grpc-gateway/runtime/internal",
			"Comment": "v1.0.0-8-gf52d055",
			"Rev": "f52d055dc48aec25854ed7d31862f78913cf17d1"
		},
		{
			"ImportPath": "github.com/grpc-ecosystem/grpc-gateway/utilities",
			"Comment": "v1.0.0-8-gf52d055",
			"Rev": "f52d055dc48aec25854ed7d31862f78913cf17d1"
		},
		{
			"ImportPath": "github.com/hashicorp/golang-lru",
			"Rev": "a0d98a5f288019575c6d1f4bb1573fef2d1fcdc4"
		},
		{
			"ImportPath": "github.com/hashicorp/golang-lru/simplelru",
			"Rev": "a0d98a5f288019575c6d1f4bb1573fef2d1fcdc4"
		},
		{
			"ImportPath": "github.com/hawkular/hawkular-client-go/metrics",
			"Comment": "v0.6.0-25-g3ec6f27",
			"Rev": "3ec6f27f0d339f9aee02ee4ad545581e52b40e19"
		},
		{
			"ImportPath": "github.com/howeyc/gopass",
			"Rev": "3ca23474a7c7203e0a0a070fd33508f6efdb9b3d"
		},
		{
			"ImportPath": "github.com/imdario/mergo",
			"Comment": "0.1.3-8-g6633656",
			"Rev": "6633656539c1639d9d78127b7d47c622b5d7b6dc"
		},
		{
			"ImportPath": "github.com/influxdata/influxdb/client",
			"Comment": "v0.12.2",
			"Rev": "383332daed5595926c235f250b11433f67229c35"
		},
		{
			"ImportPath": "github.com/influxdata/influxdb/models",
			"Comment": "v0.12.2",
			"Rev": "383332daed5595926c235f250b11433f67229c35"
		},
		{
			"ImportPath": "github.com/influxdata/influxdb/pkg/escape",
			"Comment": "v0.12.2",
			"Rev": "383332daed5595926c235f250b11433f67229c35"
		},
		{
			"ImportPath": "github.com/json-iterator/go",
			"Comment": "1.0.4-3-g051434f",
			"Rev": "051434fab7e041ee2834e049ceae37492fc0412c"
		},
		{
			"ImportPath": "github.com/juju/ratelimit",
			"Rev": "5b9ff866471762aa2ab2dced63c9fb6f53921342"
		},
		{
			"ImportPath": "github.com/mailru/easyjson/buffer",
			"Rev": "d5b7844b561a7bc640052f1b935f7b800330d7e0"
		},
		{
			"ImportPath": "github.com/mailru/easyjson/jlexer",
			"Rev": "d5b7844b561a7bc640052f1b935f7b800330d7e0"
		},
		{
			"ImportPath": "github.com/mailru/easyjson/jwriter",
			"Rev": "d5b7844b561a7bc640052f1b935f7b800330d7e0"
		},
		{
			"ImportPath": "github.com/marpaia/graphite-golang",
			"Rev": "c474c9b821b4d0a4574edc6412b0003fbce233c4"
		},
		{
			"ImportPath": "github.com/matttproud/golang_protobuf_extensions/pbutil",
			"Rev": "fc2b8d3a73c4867e51861bbdd5ae3c1f0869dd6a"
		},
		{
			"ImportPath": "github.com/mxk/go-flowrate/flowrate",
			"Rev": "cca7078d478f8520f85629ad7c68962d31ed7682"
		},
		{
			"ImportPath": "github.com/opencontainers/go-digest",
			"Rev": "a6d0ee40d4207ea02364bd3b9e8e77b9159ba1eb"
		},
		{
			"ImportPath": "github.com/pborman/uuid",
			"Rev": "ca53cad383cad2479bbba7f7a1a05797ec1386e4"
		},
		{
			"ImportPath": "github.com/peterbourgon/diskv",
			"Comment": "v2.0.1",
			"Rev": "5f041e8faa004a95c88a202771f4cc3e991971e6"
		},
		{
			"ImportPath": "github.com/pierrec/lz4",
			"Comment": "v1.1-2-ged8d4cc",
			"Rev": "ed8d4cc3b461464e69798080a0092bd028910298"
		},
		{
			"ImportPath": "github.com/pierrec/xxHash/xxHash32",
			"Comment": "v0.1-11-ga0006b1",
			"Rev": "a0006b13c722f7f12368c00a3d3c2ae8a999a0c6"
		},
		{
			"ImportPath": "github.com/pmezard/go-difflib/difflib",
			"Rev": "d8ed2627bdf02c080bf22230dbb337003b7aba2d"
		},
		{
			"ImportPath": "github.com/prometheus/client_golang/prometheus",
			"Comment": "0.7.0-52-ge51041b",
			"Rev": "e51041b3fa41cece0dca035740ba6411905be473"
		},
		{
			"ImportPath": "github.com/prometheus/client_model/go",
			"Comment": "model-0.0.2-12-gfa8ad6f",
			"Rev": "fa8ad6fec33561be4280a8f0514318c79d7f6cb6"
		},
		{
			"ImportPath": "github.com/prometheus/common/expfmt",
			"Rev": "13ba4ddd0caa9c28ca7b7bffe1dfa9ed8d5ef207"
		},
		{
			"ImportPath": "github.com/prometheus/common/internal/bitbucket.org/ww/goautoneg",
			"Rev": "13ba4ddd0caa9c28ca7b7bffe1dfa9ed8d5ef207"
		},
		{
			"ImportPath": "github.com/prometheus/common/model",
			"Rev": "13ba4ddd0caa9c28ca7b7bffe1dfa9ed8d5ef207"
		},
		{
			"ImportPath": "github.com/prometheus/procfs",
			"Rev": "65c1f6f8f0fc1e2185eb9863a3bc751496404259"
		},
		{
			"ImportPath": "github.com/prometheus/procfs/xfs",
			"Rev": "65c1f6f8f0fc1e2185eb9863a3bc751496404259"
		},
		{
			"ImportPath": "github.com/rcrowley/go-metrics",
			"Rev": "e181e095bae94582363434144c61a9653aff6e50"
		},
		{
			"ImportPath": "github.com/riemann/riemann-go-client",
			"Comment": "v0.1.0",
			"Rev": "0f94ab135508410abf50704b72197d664eb2bee3"
		},
		{
			"ImportPath": "github.com/riemann/riemann-go-client/proto",
			"Comment": "v0.1.0",
			"Rev": "0f94ab135508410abf50704b72197d664eb2bee3"
		},
		{
			"ImportPath": "github.com/smartystreets/go-aws-auth",
			"Rev": "2043e6d0bb7e4c18464a7bba562acbe482e3cabd"
		},
		{
			"ImportPath": "github.com/spf13/pflag",
			"Rev": "5ccb023bc27df288a957c5e994cd44fd19619465"
		},
		{
			"ImportPath": "github.com/stretchr/testify/assert",
			"Comment": "v1.0-88-ge3a8ff8",
			"Rev": "e3a8ff8ce36581f87a15341206f205b1da467059"
		},
		{
			"ImportPath": "github.com/stretchr/testify/require",
			"Comment": "v1.0-88-ge3a8ff8",
			"Rev": "e3a8ff8ce36581f87a15341206f205b1da467059"
		},
		{
			"ImportPath": "github.com/ugorji/go/codec",
			"Rev": "ded73eae5db7e7a0ef6f55aace87a2873c5d2b74"
		},
		{
			"ImportPath": "golang.org/x/crypto/ssh/terminal",
			"Rev": "81e90905daefcd6fd217b62423c0908922eadb30"
		},
		{
			"ImportPath": "golang.org/x/net/context",
			"Rev": "1c05540f6879653db88113bc4a2b70aec4bd491f"
		},
		{
			"ImportPath": "golang.org/x/net/context/ctxhttp",
			"Rev": "1c05540f6879653db88113bc4a2b70aec4bd491f"
		},
		{
			"ImportPath": "golang.org/x/net/html",
			"Rev": "1c05540f6879653db88113bc4a2b70aec4bd491f"
		},
		{
			"ImportPath": "golang.org/x/net/html/atom",
			"Rev": "1c05540f6879653db88113bc4a2b70aec4bd491f"
		},
		{
			"ImportPath": "golang.org/x/net/http2",
			"Rev": "1c05540f6879653db88113bc4a2b70aec4bd491f"
		},
		{
			"ImportPath": "golang.org/x/net/http2/hpack",
			"Rev": "1c05540f6879653db88113bc4a2b70aec4bd491f"
		},
		{
			"ImportPath": "golang.org/x/net/idna",
			"Rev": "1c05540f6879653db88113bc4a2b70aec4bd491f"
		},
		{
			"ImportPath": "golang.org/x/net/internal/timeseries",
			"Rev": "1c05540f6879653db88113bc4a2b70aec4bd491f"
		},
		{
			"ImportPath": "golang.org/x/net/lex/httplex",
			"Rev": "1c05540f6879653db88113bc4a2b70aec4bd491f"
		},
		{
			"ImportPath": "golang.org/x/net/trace",
			"Rev": "1c05540f6879653db88113bc4a2b70aec4bd491f"
		},
		{
			"ImportPath": "golang.org/x/net/websocket",
			"Rev": "1c05540f6879653db88113bc4a2b70aec4bd491f"
		},
		{
			"ImportPath": "golang.org/x/oauth2",
			"Rev": "a6bd8cefa1811bd24b86f8902872e4e8225f74c4"
		},
		{
			"ImportPath": "golang.org/x/oauth2/google",
			"Rev": "a6bd8cefa1811bd24b86f8902872e4e8225f74c4"
		},
		{
			"ImportPath": "golang.org/x/oauth2/internal",
			"Rev": "a6bd8cefa1811bd24b86f8902872e4e8225f74c4"
		},
		{
			"ImportPath": "golang.org/x/oauth2/jws",
			"Rev": "a6bd8cefa1811bd24b86f8902872e4e8225f74c4"
		},
		{
			"ImportPath": "golang.org/x/oauth2/jwt",
			"Rev": "a6bd8cefa1811bd24b86f8902872e4e8225f74c4"
		},
		{
			"ImportPath": "golang.org/x/sys/unix",
			"Rev": "8f0908ab3b2457e2e15403d3697c9ef5cb4b57a9"
		},
		{
			"ImportPath": "golang.org/x/sys/windows",
			"Rev": "8f0908ab3b2457e2e15403d3697c9ef5cb4b57a9"
		},
		{
			"ImportPath": "golang.org/x/text/cases",
			"Rev": "b19bf474d317b857955b12035d2c5acb57ce8b01"
		},
		{
			"ImportPath": "golang.org/x/text/internal",
			"Rev": "b19bf474d317b857955b12035d2c5acb57ce8b01"
		},
		{
			"ImportPath": "golang.org/x/text/internal/tag",
			"Rev": "b19bf474d317b857955b12035d2c5acb57ce8b01"
		},
		{
			"ImportPath": "golang.org/x/text/language",
			"Rev": "b19bf474d317b857955b12035d2c5acb57ce8b01"
		},
		{
			"ImportPath": "golang.org/x/text/runes",
			"Rev": "b19bf474d317b857955b12035d2c5acb57ce8b01"
		},
		{
			"ImportPath": "golang.org/x/text/secure/bidirule",
			"Rev": "b19bf474d317b857955b12035d2c5acb57ce8b01"
		},
		{
			"ImportPath": "golang.org/x/text/secure/precis",
			"Rev": "b19bf474d317b857955b12035d2c5acb57ce8b01"
		},
		{
			"ImportPath": "golang.org/x/text/transform",
			"Rev": "b19bf474d317b857955b12035d2c5acb57ce8b01"
		},
		{
			"ImportPath": "golang.org/x/text/unicode/bidi",
			"Rev": "b19bf474d317b857955b12035d2c5acb57ce8b01"
		},
		{
			"ImportPath": "golang.org/x/text/unicode/norm",
			"Rev": "b19bf474d317b857955b12035d2c5acb57ce8b01"
		},
		{
			"ImportPath": "golang.org/x/text/width",
			"Rev": "b19bf474d317b857955b12035d2c5acb57ce8b01"
		},
		{
			"ImportPath": "google.golang.org/api/gensupport",
			"Rev": "e665075b5ff79143ba49c58fab02df9dc122afd5"
		},
		{
			"ImportPath": "google.golang.org/api/googleapi",
			"Rev": "e665075b5ff79143ba49c58fab02df9dc122afd5"
		},
		{
			"ImportPath": "google.golang.org/api/googleapi/internal/uritemplates",
			"Rev": "e665075b5ff79143ba49c58fab02df9dc122afd5"
		},
		{
			"ImportPath": "google.golang.org/api/googleapi/transport",
			"Rev": "e665075b5ff79143ba49c58fab02df9dc122afd5"
		},
		{
			"ImportPath": "google.golang.org/api/internal",
			"Rev": "e665075b5ff79143ba49c58fab02df9dc122afd5"
		},
		{
			"ImportPath": "google.golang.org/api/iterator",
			"Rev": "e665075b5ff79143ba49c58fab02df9dc122afd5"
		},
		{
			"ImportPath": "google.golang.org/api/logging/v2",
			"Rev": "e665075b5ff79143ba49c58fab02df9dc122afd5"
		},
		{
			"ImportPath": "google.golang.org/api/monitoring/v3",
			"Rev": "e665075b5ff79143ba49c58fab02df9dc122afd5"
		},
		{
			"ImportPath": "google.golang.org/api/option",
			"Rev": "e665075b5ff79143ba49c58fab02df9dc122afd5"
		},
		{
			"ImportPath": "google.golang.org/api/transport",
			"Rev": "e665075b5ff79143ba49c58fab02df9dc122afd5"
		},
		{
			"ImportPath": "google.golang.org/genproto/googleapis/api/annotations",
			"Rev": "09f6ed296fc66555a25fe4ce95173148778dfa85"
		},
		{
			"ImportPath": "google.golang.org/genproto/googleapis/api/distribution",
			"Rev": "09f6ed296fc66555a25fe4ce95173148778dfa85"
		},
		{
			"ImportPath": "google.golang.org/genproto/googleapis/api/label",
			"Rev": "09f6ed296fc66555a25fe4ce95173148778dfa85"
		},
		{
			"ImportPath": "google.golang.org/genproto/googleapis/api/metric",
			"Rev": "09f6ed296fc66555a25fe4ce95173148778dfa85"
		},
		{
			"ImportPath": "google.golang.org/genproto/googleapis/api/monitoredres",
			"Rev": "09f6ed296fc66555a25fe4ce95173148778dfa85"
		},
		{
			"ImportPath": "google.golang.org/genproto/googleapis/monitoring/v3",
			"Rev": "09f6ed296fc66555a25fe4ce95173148778dfa85"
		},
		{
			"ImportPath": "google.golang.org/genproto/googleapis/rpc/status",
			"Rev": "09f6ed296fc66555a25fe4ce95173148778dfa85"
		},
		{
			"ImportPath": "google.golang.org/grpc",
			"Comment": "v1.3.0",
			"Rev": "d2e1b51f33ff8c5e4a15560ff049d200e83726c5"
		},
		{
			"ImportPath": "google.golang.org/grpc/codes",
			"Comment": "v1.3.0",
			"Rev": "d2e1b51f33ff8c5e4a15560ff049d200e83726c5"
		},
		{
			"ImportPath": "google.golang.org/grpc/credentials",
			"Comment": "v1.3.0",
			"Rev": "d2e1b51f33ff8c5e4a15560ff049d200e83726c5"
		},
		{
			"ImportPath": "google.golang.org/grpc/credentials/oauth",
			"Comment": "v1.3.0",
			"Rev": "d2e1b51f33ff8c5e4a15560ff049d200e83726c5"
		},
		{
			"ImportPath": "google.golang.org/grpc/grpclb/grpc_lb_v1",
			"Comment": "v1.3.0",
			"Rev": "d2e1b51f33ff8c5e4a15560ff049d200e83726c5"
		},
		{
			"ImportPath": "google.golang.org/grpc/grpclog",
			"Comment": "v1.3.0",
			"Rev": "d2e1b51f33ff8c5e4a15560ff049d200e83726c5"
		},
		{
			"ImportPath": "google.golang.org/grpc/internal",
			"Comment": "v1.3.0",
			"Rev": "d2e1b51f33ff8c5e4a15560ff049d200e83726c5"
		},
		{
			"ImportPath": "google.golang.org/grpc/keepalive",
			"Comment": "v1.3.0",
			"Rev": "d2e1b51f33ff8c5e4a15560ff049d200e83726c5"
		},
		{
			"ImportPath": "google.golang.org/grpc/metadata",
			"Comment": "v1.3.0",
			"Rev": "d2e1b51f33ff8c5e4a15560ff049d200e83726c5"
		},
		{
			"ImportPath": "google.golang.org/grpc/naming",
			"Comment": "v1.3.0",
			"Rev": "d2e1b51f33ff8c5e4a15560ff049d200e83726c5"
		},
		{
			"ImportPath": "google.golang.org/grpc/peer",
			"Comment": "v1.3.0",
			"Rev": "d2e1b51f33ff8c5e4a15560ff049d200e83726c5"
		},
		{
			"ImportPath": "google.golang.org/grpc/stats",
			"Comment": "v1.3.0",
			"Rev": "d2e1b51f33ff8c5e4a15560ff049d200e83726c5"
		},
		{
			"ImportPath": "google.golang.org/grpc/status",
			"Comment": "v1.3.0",
			"Rev": "d2e1b51f33ff8c5e4a15560ff049d200e83726c5"
		},
		{
			"ImportPath": "google.golang.org/grpc/tap",
			"Comment": "v1.3.0",
			"Rev": "d2e1b51f33ff8c5e4a15560ff049d200e83726c5"
		},
		{
			"ImportPath": "google.golang.org/grpc/transport",
			"Comment": "v1.3.0",
			"Rev": "d2e1b51f33ff8c5e4a15560ff049d200e83726c5"
		},
		{
			"ImportPath": "gopkg.in/inf.v0",
			"Comment": "v0.9.0",
			"Rev": "3887ee99ecf07df5b447e9b00d9c0b2adaa9f3e4"
		},
		{
			"ImportPath": "gopkg.in/natefinch/lumberjack.v2",
			"Comment": "v1.0-16-g20b71e5",
			"Rev": "20b71e5b60d756d3d2f80def009790325acc2b23"
		},
		{
			"ImportPath": "gopkg.in/olivere/elastic.v3",
			"Comment": "v3.0.56",
			"Rev": "1ad75b5396674e9c783400e89106bc0c8da9d786"
		},
		{
			"ImportPath": "gopkg.in/olivere/elastic.v3/backoff",
			"Comment": "v3.0.56",
			"Rev": "1ad75b5396674e9c783400e89106bc0c8da9d786"
		},
		{
			"ImportPath": "gopkg.in/olivere/elastic.v3/uritemplates",
			"Comment": "v3.0.56",
			"Rev": "1ad75b5396674e9c783400e89106bc0c8da9d786"
		},
		{
			"ImportPath": "gopkg.in/olivere/elastic.v5",
			"Comment": "v5.0.36",
			"Rev": "6f76abde0f1f149b7d6fc47aee4c54366844f775"
		},
		{
			"ImportPath": "gopkg.in/olivere/elastic.v5/uritemplates",
			"Comment": "v5.0.36",
			"Rev": "6f76abde0f1f149b7d6fc47aee4c54366844f775"
		},
		{
			"ImportPath": "gopkg.in/yaml.v2",
			"Rev": "53feefa2559fb8dfa8d81baad31be332c97d6c77"
		},
		{
			"ImportPath": "k8s.io/api/admission/v1beta1",
			"Comment": "kubernetes-1.9.4-beta.0",
			"Rev": "acf347b865f29325eb61f4cd2df11e86e073a5ee"
		},
		{
			"ImportPath": "k8s.io/api/admissionregistration/v1alpha1",
			"Comment": "kubernetes-1.9.4-beta.0",
			"Rev": "acf347b865f29325eb61f4cd2df11e86e073a5ee"
		},
		{
			"ImportPath": "k8s.io/api/admissionregistration/v1beta1",
			"Comment": "kubernetes-1.9.4-beta.0",
			"Rev": "acf347b865f29325eb61f4cd2df11e86e073a5ee"
		},
		{
			"ImportPath": "k8s.io/api/apps/v1",
			"Comment": "kubernetes-1.9.4-beta.0",
			"Rev": "acf347b865f29325eb61f4cd2df11e86e073a5ee"
		},
		{
			"ImportPath": "k8s.io/api/apps/v1beta1",
			"Comment": "kubernetes-1.9.4-beta.0",
			"Rev": "acf347b865f29325eb61f4cd2df11e86e073a5ee"
		},
		{
			"ImportPath": "k8s.io/api/apps/v1beta2",
			"Comment": "kubernetes-1.9.4-beta.0",
			"Rev": "acf347b865f29325eb61f4cd2df11e86e073a5ee"
		},
		{
			"ImportPath": "k8s.io/api/authentication/v1",
			"Comment": "kubernetes-1.9.4-beta.0",
			"Rev": "acf347b865f29325eb61f4cd2df11e86e073a5ee"
		},
		{
			"ImportPath": "k8s.io/api/authentication/v1beta1",
			"Comment": "kubernetes-1.9.4-beta.0",
			"Rev": "acf347b865f29325eb61f4cd2df11e86e073a5ee"
		},
		{
			"ImportPath": "k8s.io/api/authorization/v1",
			"Comment": "kubernetes-1.9.4-beta.0",
			"Rev": "acf347b865f29325eb61f4cd2df11e86e073a5ee"
		},
		{
			"ImportPath": "k8s.io/api/authorization/v1beta1",
			"Comment": "kubernetes-1.9.4-beta.0",
			"Rev": "acf347b865f29325eb61f4cd2df11e86e073a5ee"
		},
		{
			"ImportPath": "k8s.io/api/autoscaling/v1",
			"Comment": "kubernetes-1.9.4-beta.0",
			"Rev": "acf347b865f29325eb61f4cd2df11e86e073a5ee"
		},
		{
			"ImportPath": "k8s.io/api/autoscaling/v2beta1",
			"Comment": "kubernetes-1.9.4-beta.0",
			"Rev": "acf347b865f29325eb61f4cd2df11e86e073a5ee"
		},
		{
			"ImportPath": "k8s.io/api/batch/v1",
			"Comment": "kubernetes-1.9.4-beta.0",
			"Rev": "acf347b865f29325eb61f4cd2df11e86e073a5ee"
		},
		{
			"ImportPath": "k8s.io/api/batch/v1beta1",
			"Comment": "kubernetes-1.9.4-beta.0",
			"Rev": "acf347b865f29325eb61f4cd2df11e86e073a5ee"
		},
		{
			"ImportPath": "k8s.io/api/batch/v2alpha1",
			"Comment": "kubernetes-1.9.4-beta.0",
			"Rev": "acf347b865f29325eb61f4cd2df11e86e073a5ee"
		},
		{
			"ImportPath": "k8s.io/api/certificates/v1beta1",
			"Comment": "kubernetes-1.9.4-beta.0",
			"Rev": "acf347b865f29325eb61f4cd2df11e86e073a5ee"
		},
		{
			"ImportPath": "k8s.io/api/core/v1",
			"Comment": "kubernetes-1.9.4-beta.0",
			"Rev": "acf347b865f29325eb61f4cd2df11e86e073a5ee"
		},
		{
			"ImportPath": "k8s.io/api/events/v1beta1",
			"Comment": "kubernetes-1.9.4-beta.0",
			"Rev": "acf347b865f29325eb61f4cd2df11e86e073a5ee"
		},
		{
			"ImportPath": "k8s.io/api/extensions/v1beta1",
			"Comment": "kubernetes-1.9.4-beta.0",
			"Rev": "acf347b865f29325eb61f4cd2df11e86e073a5ee"
		},
		{
			"ImportPath": "k8s.io/api/networking/v1",
			"Comment": "kubernetes-1.9.4-beta.0",
			"Rev": "acf347b865f29325eb61f4cd2df11e86e073a5ee"
		},
		{
			"ImportPath": "k8s.io/api/policy/v1beta1",
			"Comment": "kubernetes-1.9.4-beta.0",
			"Rev": "acf347b865f29325eb61f4cd2df11e86e073a5ee"
		},
		{
			"ImportPath": "k8s.io/api/rbac/v1",
			"Comment": "kubernetes-1.9.4-beta.0",
			"Rev": "acf347b865f29325eb61f4cd2df11e86e073a5ee"
		},
		{
			"ImportPath": "k8s.io/api/rbac/v1alpha1",
			"Comment": "kubernetes-1.9.4-beta.0",
			"Rev": "acf347b865f29325eb61f4cd2df11e86e073a5ee"
		},
		{
			"ImportPath": "k8s.io/api/rbac/v1beta1",
			"Comment": "kubernetes-1.9.4-beta.0",
			"Rev": "acf347b865f29325eb61f4cd2df11e86e073a5ee"
		},
		{
			"ImportPath": "k8s.io/api/scheduling/v1alpha1",
			"Comment": "kubernetes-1.9.4-beta.0",
			"Rev": "acf347b865f29325eb61f4cd2df11e86e073a5ee"
		},
		{
			"ImportPath": "k8s.io/api/settings/v1alpha1",
			"Comment": "kubernetes-1.9.4-beta.0",
			"Rev": "acf347b865f29325eb61f4cd2df11e86e073a5ee"
		},
		{
			"ImportPath": "k8s.io/api/storage/v1",
			"Comment": "kubernetes-1.9.4-beta.0",
			"Rev": "acf347b865f29325eb61f4cd2df11e86e073a5ee"
		},
		{
			"ImportPath": "k8s.io/api/storage/v1alpha1",
			"Comment": "kubernetes-1.9.4-beta.0",
			"Rev": "acf347b865f29325eb61f4cd2df11e86e073a5ee"
		},
		{
			"ImportPath": "k8s.io/api/storage/v1beta1",
			"Comment": "kubernetes-1.9.4-beta.0",
			"Rev": "acf347b865f29325eb61f4cd2df11e86e073a5ee"
		},
		{
			"ImportPath": "k8s.io/apiextensions-apiserver/pkg/features",
			"Comment": "kubernetes-1.10.0-alpha.0",
			"Rev": "21c5d578e97791111c1015a2b8281e6f3555c2b5"
		},
		{
			"ImportPath": "k8s.io/apimachinery/pkg/api/equality",
			"Comment": "kubernetes-1.9.4-beta.0",
			"Rev": "19e3f5aa3adca672c153d324e6b7d82ff8935f03"
		},
		{
			"ImportPath": "k8s.io/apimachinery/pkg/api/errors",
			"Comment": "kubernetes-1.9.4-beta.0",
			"Rev": "19e3f5aa3adca672c153d324e6b7d82ff8935f03"
		},
		{
			"ImportPath": "k8s.io/apimachinery/pkg/api/meta",
			"Comment": "kubernetes-1.9.4-beta.0",
			"Rev": "19e3f5aa3adca672c153d324e6b7d82ff8935f03"
		},
		{
			"ImportPath": "k8s.io/apimachinery/pkg/api/resource",
			"Comment": "kubernetes-1.9.4-beta.0",
			"Rev": "19e3f5aa3adca672c153d324e6b7d82ff8935f03"
		},
		{
			"ImportPath": "k8s.io/apimachinery/pkg/api/validation",
			"Comment": "kubernetes-1.9.4-beta.0",
			"Rev": "19e3f5aa3adca672c153d324e6b7d82ff8935f03"
		},
		{
			"ImportPath": "k8s.io/apimachinery/pkg/api/validation/path",
			"Comment": "kubernetes-1.9.4-beta.0",
			"Rev": "19e3f5aa3adca672c153d324e6b7d82ff8935f03"
		},
		{
			"ImportPath": "k8s.io/apimachinery/pkg/apimachinery",
			"Comment": "kubernetes-1.9.4-beta.0",
			"Rev": "19e3f5aa3adca672c153d324e6b7d82ff8935f03"
		},
		{
			"ImportPath": "k8s.io/apimachinery/pkg/apimachinery/announced",
			"Comment": "kubernetes-1.9.4-beta.0",
			"Rev": "19e3f5aa3adca672c153d324e6b7d82ff8935f03"
		},
		{
			"ImportPath": "k8s.io/apimachinery/pkg/apimachinery/registered",
			"Comment": "kubernetes-1.9.4-beta.0",
			"Rev": "19e3f5aa3adca672c153d324e6b7d82ff8935f03"
		},
		{
			"ImportPath": "k8s.io/apimachinery/pkg/apis/meta/internalversion",
			"Comment": "kubernetes-1.9.4-beta.0",
			"Rev": "19e3f5aa3adca672c153d324e6b7d82ff8935f03"
		},
		{
			"ImportPath": "k8s.io/apimachinery/pkg/apis/meta/v1",
			"Comment": "kubernetes-1.9.4-beta.0",
			"Rev": "19e3f5aa3adca672c153d324e6b7d82ff8935f03"
		},
		{
			"ImportPath": "k8s.io/apimachinery/pkg/apis/meta/v1/unstructured",
			"Comment": "kubernetes-1.9.4-beta.0",
			"Rev": "19e3f5aa3adca672c153d324e6b7d82ff8935f03"
		},
		{
			"ImportPath": "k8s.io/apimachinery/pkg/apis/meta/v1/validation",
			"Comment": "kubernetes-1.9.4-beta.0",
			"Rev": "19e3f5aa3adca672c153d324e6b7d82ff8935f03"
		},
		{
			"ImportPath": "k8s.io/apimachinery/pkg/apis/meta/v1alpha1",
			"Comment": "kubernetes-1.9.4-beta.0",
			"Rev": "19e3f5aa3adca672c153d324e6b7d82ff8935f03"
		},
		{
			"ImportPath": "k8s.io/apimachinery/pkg/conversion",
			"Comment": "kubernetes-1.9.4-beta.0",
			"Rev": "19e3f5aa3adca672c153d324e6b7d82ff8935f03"
		},
		{
			"ImportPath": "k8s.io/apimachinery/pkg/conversion/queryparams",
			"Comment": "kubernetes-1.9.4-beta.0",
			"Rev": "19e3f5aa3adca672c153d324e6b7d82ff8935f03"
		},
		{
			"ImportPath": "k8s.io/apimachinery/pkg/fields",
			"Comment": "kubernetes-1.9.4-beta.0",
			"Rev": "19e3f5aa3adca672c153d324e6b7d82ff8935f03"
		},
		{
			"ImportPath": "k8s.io/apimachinery/pkg/labels",
			"Comment": "kubernetes-1.9.4-beta.0",
			"Rev": "19e3f5aa3adca672c153d324e6b7d82ff8935f03"
		},
		{
			"ImportPath": "k8s.io/apimachinery/pkg/runtime",
			"Comment": "kubernetes-1.9.4-beta.0",
			"Rev": "19e3f5aa3adca672c153d324e6b7d82ff8935f03"
		},
		{
			"ImportPath": "k8s.io/apimachinery/pkg/runtime/schema",
			"Comment": "kubernetes-1.9.4-beta.0",
			"Rev": "19e3f5aa3adca672c153d324e6b7d82ff8935f03"
		},
		{
			"ImportPath": "k8s.io/apimachinery/pkg/runtime/serializer",
			"Comment": "kubernetes-1.9.4-beta.0",
			"Rev": "19e3f5aa3adca672c153d324e6b7d82ff8935f03"
		},
		{
			"ImportPath": "k8s.io/apimachinery/pkg/runtime/serializer/json",
			"Comment": "kubernetes-1.9.4-beta.0",
			"Rev": "19e3f5aa3adca672c153d324e6b7d82ff8935f03"
		},
		{
			"ImportPath": "k8s.io/apimachinery/pkg/runtime/serializer/protobuf",
			"Comment": "kubernetes-1.9.4-beta.0",
			"Rev": "19e3f5aa3adca672c153d324e6b7d82ff8935f03"
		},
		{
			"ImportPath": "k8s.io/apimachinery/pkg/runtime/serializer/recognizer",
			"Comment": "kubernetes-1.9.4-beta.0",
			"Rev": "19e3f5aa3adca672c153d324e6b7d82ff8935f03"
		},
		{
			"ImportPath": "k8s.io/apimachinery/pkg/runtime/serializer/streaming",
			"Comment": "kubernetes-1.9.4-beta.0",
			"Rev": "19e3f5aa3adca672c153d324e6b7d82ff8935f03"
		},
		{
			"ImportPath": "k8s.io/apimachinery/pkg/runtime/serializer/versioning",
			"Comment": "kubernetes-1.9.4-beta.0",
			"Rev": "19e3f5aa3adca672c153d324e6b7d82ff8935f03"
		},
		{
			"ImportPath": "k8s.io/apimachinery/pkg/selection",
			"Comment": "kubernetes-1.9.4-beta.0",
			"Rev": "19e3f5aa3adca672c153d324e6b7d82ff8935f03"
		},
		{
			"ImportPath": "k8s.io/apimachinery/pkg/types",
			"Comment": "kubernetes-1.9.4-beta.0",
			"Rev": "19e3f5aa3adca672c153d324e6b7d82ff8935f03"
		},
		{
			"ImportPath": "k8s.io/apimachinery/pkg/util/cache",
			"Comment": "kubernetes-1.9.4-beta.0",
			"Rev": "19e3f5aa3adca672c153d324e6b7d82ff8935f03"
		},
		{
			"ImportPath": "k8s.io/apimachinery/pkg/util/clock",
			"Comment": "kubernetes-1.9.4-beta.0",
			"Rev": "19e3f5aa3adca672c153d324e6b7d82ff8935f03"
		},
		{
			"ImportPath": "k8s.io/apimachinery/pkg/util/diff",
			"Comment": "kubernetes-1.9.4-beta.0",
			"Rev": "19e3f5aa3adca672c153d324e6b7d82ff8935f03"
		},
		{
			"ImportPath": "k8s.io/apimachinery/pkg/util/errors",
			"Comment": "kubernetes-1.9.4-beta.0",
			"Rev": "19e3f5aa3adca672c153d324e6b7d82ff8935f03"
		},
		{
			"ImportPath": "k8s.io/apimachinery/pkg/util/framer",
			"Comment": "kubernetes-1.9.4-beta.0",
			"Rev": "19e3f5aa3adca672c153d324e6b7d82ff8935f03"
		},
		{
			"ImportPath": "k8s.io/apimachinery/pkg/util/httpstream",
			"Comment": "kubernetes-1.9.4-beta.0",
			"Rev": "19e3f5aa3adca672c153d324e6b7d82ff8935f03"
		},
		{
			"ImportPath": "k8s.io/apimachinery/pkg/util/intstr",
			"Comment": "kubernetes-1.9.4-beta.0",
			"Rev": "19e3f5aa3adca672c153d324e6b7d82ff8935f03"
		},
		{
			"ImportPath": "k8s.io/apimachinery/pkg/util/json",
			"Comment": "kubernetes-1.9.4-beta.0",
			"Rev": "19e3f5aa3adca672c153d324e6b7d82ff8935f03"
		},
		{
			"ImportPath": "k8s.io/apimachinery/pkg/util/mergepatch",
			"Comment": "kubernetes-1.9.4-beta.0",
			"Rev": "19e3f5aa3adca672c153d324e6b7d82ff8935f03"
		},
		{
			"ImportPath": "k8s.io/apimachinery/pkg/util/net",
			"Comment": "kubernetes-1.9.4-beta.0",
			"Rev": "19e3f5aa3adca672c153d324e6b7d82ff8935f03"
		},
		{
			"ImportPath": "k8s.io/apimachinery/pkg/util/proxy",
			"Comment": "kubernetes-1.9.4-beta.0",
			"Rev": "19e3f5aa3adca672c153d324e6b7d82ff8935f03"
		},
		{
			"ImportPath": "k8s.io/apimachinery/pkg/util/rand",
			"Comment": "kubernetes-1.9.4-beta.0",
			"Rev": "19e3f5aa3adca672c153d324e6b7d82ff8935f03"
		},
		{
			"ImportPath": "k8s.io/apimachinery/pkg/util/runtime",
			"Comment": "kubernetes-1.9.4-beta.0",
			"Rev": "19e3f5aa3adca672c153d324e6b7d82ff8935f03"
		},
		{
			"ImportPath": "k8s.io/apimachinery/pkg/util/sets",
			"Comment": "kubernetes-1.9.4-beta.0",
			"Rev": "19e3f5aa3adca672c153d324e6b7d82ff8935f03"
		},
		{
			"ImportPath": "k8s.io/apimachinery/pkg/util/strategicpatch",
			"Comment": "kubernetes-1.9.4-beta.0",
			"Rev": "19e3f5aa3adca672c153d324e6b7d82ff8935f03"
		},
		{
			"ImportPath": "k8s.io/apimachinery/pkg/util/uuid",
			"Comment": "kubernetes-1.9.4-beta.0",
			"Rev": "19e3f5aa3adca672c153d324e6b7d82ff8935f03"
		},
		{
			"ImportPath": "k8s.io/apimachinery/pkg/util/validation",
			"Comment": "kubernetes-1.9.4-beta.0",
			"Rev": "19e3f5aa3adca672c153d324e6b7d82ff8935f03"
		},
		{
			"ImportPath": "k8s.io/apimachinery/pkg/util/validation/field",
			"Comment": "kubernetes-1.9.4-beta.0",
			"Rev": "19e3f5aa3adca672c153d324e6b7d82ff8935f03"
		},
		{
			"ImportPath": "k8s.io/apimachinery/pkg/util/wait",
			"Comment": "kubernetes-1.9.4-beta.0",
			"Rev": "19e3f5aa3adca672c153d324e6b7d82ff8935f03"
		},
		{
			"ImportPath": "k8s.io/apimachinery/pkg/util/waitgroup",
			"Comment": "kubernetes-1.9.4-beta.0",
			"Rev": "19e3f5aa3adca672c153d324e6b7d82ff8935f03"
		},
		{
			"ImportPath": "k8s.io/apimachinery/pkg/util/yaml",
			"Comment": "kubernetes-1.9.4-beta.0",
			"Rev": "19e3f5aa3adca672c153d324e6b7d82ff8935f03"
		},
		{
			"ImportPath": "k8s.io/apimachinery/pkg/version",
			"Comment": "kubernetes-1.9.4-beta.0",
			"Rev": "19e3f5aa3adca672c153d324e6b7d82ff8935f03"
		},
		{
			"ImportPath": "k8s.io/apimachinery/pkg/watch",
			"Comment": "kubernetes-1.9.4-beta.0",
			"Rev": "19e3f5aa3adca672c153d324e6b7d82ff8935f03"
		},
		{
			"ImportPath": "k8s.io/apimachinery/third_party/forked/golang/json",
			"Comment": "kubernetes-1.9.4-beta.0",
			"Rev": "19e3f5aa3adca672c153d324e6b7d82ff8935f03"
		},
		{
			"ImportPath": "k8s.io/apimachinery/third_party/forked/golang/netutil",
			"Comment": "kubernetes-1.9.4-beta.0",
			"Rev": "19e3f5aa3adca672c153d324e6b7d82ff8935f03"
		},
		{
			"ImportPath": "k8s.io/apimachinery/third_party/forked/golang/reflect",
			"Comment": "kubernetes-1.9.4-beta.0",
			"Rev": "19e3f5aa3adca672c153d324e6b7d82ff8935f03"
		},
		{
			"ImportPath": "k8s.io/apiserver/pkg/admission",
			"Comment": "kubernetes-1.9.4-beta.0",
			"Rev": "40b00dd493d8fb98c255f0c6427f97fbf865a538"
		},
		{
			"ImportPath": "k8s.io/apiserver/pkg/admission/configuration",
			"Comment": "kubernetes-1.9.4-beta.0",
			"Rev": "40b00dd493d8fb98c255f0c6427f97fbf865a538"
		},
		{
			"ImportPath": "k8s.io/apiserver/pkg/admission/initializer",
			"Comment": "kubernetes-1.9.4-beta.0",
			"Rev": "40b00dd493d8fb98c255f0c6427f97fbf865a538"
		},
		{
			"ImportPath": "k8s.io/apiserver/pkg/admission/metrics",
			"Comment": "kubernetes-1.9.4-beta.0",
			"Rev": "40b00dd493d8fb98c255f0c6427f97fbf865a538"
		},
		{
			"ImportPath": "k8s.io/apiserver/pkg/admission/plugin/initialization",
			"Comment": "kubernetes-1.9.4-beta.0",
			"Rev": "40b00dd493d8fb98c255f0c6427f97fbf865a538"
		},
		{
			"ImportPath": "k8s.io/apiserver/pkg/admission/plugin/namespace/lifecycle",
			"Comment": "kubernetes-1.9.4-beta.0",
			"Rev": "40b00dd493d8fb98c255f0c6427f97fbf865a538"
		},
		{
			"ImportPath": "k8s.io/apiserver/pkg/admission/plugin/webhook/config",
			"Comment": "kubernetes-1.9.4-beta.0",
			"Rev": "40b00dd493d8fb98c255f0c6427f97fbf865a538"
		},
		{
			"ImportPath": "k8s.io/apiserver/pkg/admission/plugin/webhook/config/apis/webhookadmission",
			"Comment": "kubernetes-1.9.4-beta.0",
			"Rev": "40b00dd493d8fb98c255f0c6427f97fbf865a538"
		},
		{
			"ImportPath": "k8s.io/apiserver/pkg/admission/plugin/webhook/config/apis/webhookadmission/v1alpha1",
			"Comment": "kubernetes-1.9.4-beta.0",
			"Rev": "40b00dd493d8fb98c255f0c6427f97fbf865a538"
		},
		{
			"ImportPath": "k8s.io/apiserver/pkg/admission/plugin/webhook/errors",
			"Comment": "kubernetes-1.9.4-beta.0",
			"Rev": "40b00dd493d8fb98c255f0c6427f97fbf865a538"
		},
		{
			"ImportPath": "k8s.io/apiserver/pkg/admission/plugin/webhook/mutating",
			"Comment": "kubernetes-1.9.4-beta.0",
			"Rev": "40b00dd493d8fb98c255f0c6427f97fbf865a538"
		},
		{
			"ImportPath": "k8s.io/apiserver/pkg/admission/plugin/webhook/namespace",
			"Comment": "kubernetes-1.9.4-beta.0",
			"Rev": "40b00dd493d8fb98c255f0c6427f97fbf865a538"
		},
		{
			"ImportPath": "k8s.io/apiserver/pkg/admission/plugin/webhook/request",
			"Comment": "kubernetes-1.9.4-beta.0",
			"Rev": "40b00dd493d8fb98c255f0c6427f97fbf865a538"
		},
		{
			"ImportPath": "k8s.io/apiserver/pkg/admission/plugin/webhook/rules",
			"Comment": "kubernetes-1.9.4-beta.0",
			"Rev": "40b00dd493d8fb98c255f0c6427f97fbf865a538"
		},
		{
			"ImportPath": "k8s.io/apiserver/pkg/admission/plugin/webhook/validating",
			"Comment": "kubernetes-1.9.4-beta.0",
			"Rev": "40b00dd493d8fb98c255f0c6427f97fbf865a538"
		},
		{
			"ImportPath": "k8s.io/apiserver/pkg/admission/plugin/webhook/versioned",
			"Comment": "kubernetes-1.9.4-beta.0",
			"Rev": "40b00dd493d8fb98c255f0c6427f97fbf865a538"
		},
		{
			"ImportPath": "k8s.io/apiserver/pkg/apis/apiserver",
			"Comment": "kubernetes-1.9.4-beta.0",
			"Rev": "40b00dd493d8fb98c255f0c6427f97fbf865a538"
		},
		{
			"ImportPath": "k8s.io/apiserver/pkg/apis/apiserver/install",
			"Comment": "kubernetes-1.9.4-beta.0",
			"Rev": "40b00dd493d8fb98c255f0c6427f97fbf865a538"
		},
		{
			"ImportPath": "k8s.io/apiserver/pkg/apis/apiserver/v1alpha1",
			"Comment": "kubernetes-1.9.4-beta.0",
			"Rev": "40b00dd493d8fb98c255f0c6427f97fbf865a538"
		},
		{
			"ImportPath": "k8s.io/apiserver/pkg/apis/audit",
			"Comment": "kubernetes-1.9.4-beta.0",
			"Rev": "40b00dd493d8fb98c255f0c6427f97fbf865a538"
		},
		{
			"ImportPath": "k8s.io/apiserver/pkg/apis/audit/install",
			"Comment": "kubernetes-1.9.4-beta.0",
			"Rev": "40b00dd493d8fb98c255f0c6427f97fbf865a538"
		},
		{
			"ImportPath": "k8s.io/apiserver/pkg/apis/audit/v1alpha1",
			"Comment": "kubernetes-1.9.4-beta.0",
			"Rev": "40b00dd493d8fb98c255f0c6427f97fbf865a538"
		},
		{
			"ImportPath": "k8s.io/apiserver/pkg/apis/audit/v1beta1",
			"Comment": "kubernetes-1.9.4-beta.0",
			"Rev": "40b00dd493d8fb98c255f0c6427f97fbf865a538"
		},
		{
			"ImportPath": "k8s.io/apiserver/pkg/apis/audit/validation",
			"Comment": "kubernetes-1.9.4-beta.0",
			"Rev": "40b00dd493d8fb98c255f0c6427f97fbf865a538"
		},
		{
			"ImportPath": "k8s.io/apiserver/pkg/audit",
			"Comment": "kubernetes-1.9.4-beta.0",
			"Rev": "40b00dd493d8fb98c255f0c6427f97fbf865a538"
		},
		{
			"ImportPath": "k8s.io/apiserver/pkg/audit/policy",
			"Comment": "kubernetes-1.9.4-beta.0",
			"Rev": "40b00dd493d8fb98c255f0c6427f97fbf865a538"
		},
		{
			"ImportPath": "k8s.io/apiserver/pkg/authentication/authenticator",
			"Comment": "kubernetes-1.9.4-beta.0",
			"Rev": "40b00dd493d8fb98c255f0c6427f97fbf865a538"
		},
		{
			"ImportPath": "k8s.io/apiserver/pkg/authentication/authenticatorfactory",
			"Comment": "kubernetes-1.9.4-beta.0",
			"Rev": "40b00dd493d8fb98c255f0c6427f97fbf865a538"
		},
		{
			"ImportPath": "k8s.io/apiserver/pkg/authentication/group",
			"Comment": "kubernetes-1.9.4-beta.0",
			"Rev": "40b00dd493d8fb98c255f0c6427f97fbf865a538"
		},
		{
			"ImportPath": "k8s.io/apiserver/pkg/authentication/request/anonymous",
			"Comment": "kubernetes-1.9.4-beta.0",
			"Rev": "40b00dd493d8fb98c255f0c6427f97fbf865a538"
		},
		{
			"ImportPath": "k8s.io/apiserver/pkg/authentication/request/bearertoken",
			"Comment": "kubernetes-1.9.4-beta.0",
			"Rev": "40b00dd493d8fb98c255f0c6427f97fbf865a538"
		},
		{
			"ImportPath": "k8s.io/apiserver/pkg/authentication/request/headerrequest",
			"Comment": "kubernetes-1.9.4-beta.0",
			"Rev": "40b00dd493d8fb98c255f0c6427f97fbf865a538"
		},
		{
			"ImportPath": "k8s.io/apiserver/pkg/authentication/request/union",
			"Comment": "kubernetes-1.9.4-beta.0",
			"Rev": "40b00dd493d8fb98c255f0c6427f97fbf865a538"
		},
		{
			"ImportPath": "k8s.io/apiserver/pkg/authentication/request/websocket",
			"Comment": "kubernetes-1.9.4-beta.0",
			"Rev": "40b00dd493d8fb98c255f0c6427f97fbf865a538"
		},
		{
			"ImportPath": "k8s.io/apiserver/pkg/authentication/request/x509",
			"Comment": "kubernetes-1.9.4-beta.0",
			"Rev": "40b00dd493d8fb98c255f0c6427f97fbf865a538"
		},
		{
			"ImportPath": "k8s.io/apiserver/pkg/authentication/serviceaccount",
			"Comment": "kubernetes-1.9.4-beta.0",
			"Rev": "40b00dd493d8fb98c255f0c6427f97fbf865a538"
		},
		{
			"ImportPath": "k8s.io/apiserver/pkg/authentication/token/tokenfile",
			"Comment": "kubernetes-1.9.4-beta.0",
			"Rev": "40b00dd493d8fb98c255f0c6427f97fbf865a538"
		},
		{
			"ImportPath": "k8s.io/apiserver/pkg/authentication/user",
			"Comment": "kubernetes-1.9.4-beta.0",
			"Rev": "40b00dd493d8fb98c255f0c6427f97fbf865a538"
		},
		{
			"ImportPath": "k8s.io/apiserver/pkg/authorization/authorizer",
			"Comment": "kubernetes-1.9.4-beta.0",
			"Rev": "40b00dd493d8fb98c255f0c6427f97fbf865a538"
		},
		{
			"ImportPath": "k8s.io/apiserver/pkg/authorization/authorizerfactory",
			"Comment": "kubernetes-1.9.4-beta.0",
			"Rev": "40b00dd493d8fb98c255f0c6427f97fbf865a538"
		},
		{
			"ImportPath": "k8s.io/apiserver/pkg/authorization/union",
			"Comment": "kubernetes-1.9.4-beta.0",
			"Rev": "40b00dd493d8fb98c255f0c6427f97fbf865a538"
		},
		{
			"ImportPath": "k8s.io/apiserver/pkg/endpoints",
			"Comment": "kubernetes-1.9.4-beta.0",
			"Rev": "40b00dd493d8fb98c255f0c6427f97fbf865a538"
		},
		{
			"ImportPath": "k8s.io/apiserver/pkg/endpoints/discovery",
			"Comment": "kubernetes-1.9.4-beta.0",
			"Rev": "40b00dd493d8fb98c255f0c6427f97fbf865a538"
		},
		{
			"ImportPath": "k8s.io/apiserver/pkg/endpoints/filters",
			"Comment": "kubernetes-1.9.4-beta.0",
			"Rev": "40b00dd493d8fb98c255f0c6427f97fbf865a538"
		},
		{
			"ImportPath": "k8s.io/apiserver/pkg/endpoints/handlers",
			"Comment": "kubernetes-1.9.4-beta.0",
			"Rev": "40b00dd493d8fb98c255f0c6427f97fbf865a538"
		},
		{
			"ImportPath": "k8s.io/apiserver/pkg/endpoints/handlers/negotiation",
			"Comment": "kubernetes-1.9.4-beta.0",
			"Rev": "40b00dd493d8fb98c255f0c6427f97fbf865a538"
		},
		{
			"ImportPath": "k8s.io/apiserver/pkg/endpoints/handlers/responsewriters",
			"Comment": "kubernetes-1.9.4-beta.0",
			"Rev": "40b00dd493d8fb98c255f0c6427f97fbf865a538"
		},
		{
			"ImportPath": "k8s.io/apiserver/pkg/endpoints/metrics",
			"Comment": "kubernetes-1.9.4-beta.0",
			"Rev": "40b00dd493d8fb98c255f0c6427f97fbf865a538"
		},
		{
			"ImportPath": "k8s.io/apiserver/pkg/endpoints/openapi",
			"Comment": "kubernetes-1.9.4-beta.0",
			"Rev": "40b00dd493d8fb98c255f0c6427f97fbf865a538"
		},
		{
			"ImportPath": "k8s.io/apiserver/pkg/endpoints/request",
			"Comment": "kubernetes-1.9.4-beta.0",
			"Rev": "40b00dd493d8fb98c255f0c6427f97fbf865a538"
		},
		{
			"ImportPath": "k8s.io/apiserver/pkg/features",
			"Comment": "kubernetes-1.9.4-beta.0",
			"Rev": "40b00dd493d8fb98c255f0c6427f97fbf865a538"
		},
		{
			"ImportPath": "k8s.io/apiserver/pkg/registry/generic",
			"Comment": "kubernetes-1.9.4-beta.0",
			"Rev": "40b00dd493d8fb98c255f0c6427f97fbf865a538"
		},
		{
			"ImportPath": "k8s.io/apiserver/pkg/registry/generic/registry",
			"Comment": "kubernetes-1.9.4-beta.0",
			"Rev": "40b00dd493d8fb98c255f0c6427f97fbf865a538"
		},
		{
			"ImportPath": "k8s.io/apiserver/pkg/registry/rest",
			"Comment": "kubernetes-1.9.4-beta.0",
			"Rev": "40b00dd493d8fb98c255f0c6427f97fbf865a538"
		},
		{
			"ImportPath": "k8s.io/apiserver/pkg/server",
			"Comment": "kubernetes-1.9.4-beta.0",
			"Rev": "40b00dd493d8fb98c255f0c6427f97fbf865a538"
		},
		{
			"ImportPath": "k8s.io/apiserver/pkg/server/filters",
			"Comment": "kubernetes-1.9.4-beta.0",
			"Rev": "40b00dd493d8fb98c255f0c6427f97fbf865a538"
		},
		{
			"ImportPath": "k8s.io/apiserver/pkg/server/healthz",
			"Comment": "kubernetes-1.9.4-beta.0",
			"Rev": "40b00dd493d8fb98c255f0c6427f97fbf865a538"
		},
		{
			"ImportPath": "k8s.io/apiserver/pkg/server/httplog",
			"Comment": "kubernetes-1.9.4-beta.0",
			"Rev": "40b00dd493d8fb98c255f0c6427f97fbf865a538"
		},
		{
			"ImportPath": "k8s.io/apiserver/pkg/server/mux",
			"Comment": "kubernetes-1.9.4-beta.0",
			"Rev": "40b00dd493d8fb98c255f0c6427f97fbf865a538"
		},
		{
			"ImportPath": "k8s.io/apiserver/pkg/server/options",
			"Comment": "kubernetes-1.9.4-beta.0",
			"Rev": "40b00dd493d8fb98c255f0c6427f97fbf865a538"
		},
		{
			"ImportPath": "k8s.io/apiserver/pkg/server/routes",
			"Comment": "kubernetes-1.9.4-beta.0",
			"Rev": "40b00dd493d8fb98c255f0c6427f97fbf865a538"
		},
		{
			"ImportPath": "k8s.io/apiserver/pkg/server/routes/data/swagger",
			"Comment": "kubernetes-1.9.4-beta.0",
			"Rev": "40b00dd493d8fb98c255f0c6427f97fbf865a538"
		},
		{
			"ImportPath": "k8s.io/apiserver/pkg/server/storage",
			"Comment": "kubernetes-1.9.4-beta.0",
			"Rev": "40b00dd493d8fb98c255f0c6427f97fbf865a538"
		},
		{
			"ImportPath": "k8s.io/apiserver/pkg/storage",
			"Comment": "kubernetes-1.9.4-beta.0",
			"Rev": "40b00dd493d8fb98c255f0c6427f97fbf865a538"
		},
		{
			"ImportPath": "k8s.io/apiserver/pkg/storage/errors",
			"Comment": "kubernetes-1.9.4-beta.0",
			"Rev": "40b00dd493d8fb98c255f0c6427f97fbf865a538"
		},
		{
			"ImportPath": "k8s.io/apiserver/pkg/storage/etcd",
			"Comment": "kubernetes-1.9.4-beta.0",
			"Rev": "40b00dd493d8fb98c255f0c6427f97fbf865a538"
		},
		{
			"ImportPath": "k8s.io/apiserver/pkg/storage/etcd/metrics",
			"Comment": "kubernetes-1.9.4-beta.0",
			"Rev": "40b00dd493d8fb98c255f0c6427f97fbf865a538"
		},
		{
			"ImportPath": "k8s.io/apiserver/pkg/storage/etcd/util",
			"Comment": "kubernetes-1.9.4-beta.0",
			"Rev": "40b00dd493d8fb98c255f0c6427f97fbf865a538"
		},
		{
			"ImportPath": "k8s.io/apiserver/pkg/storage/etcd3",
			"Comment": "kubernetes-1.9.4-beta.0",
			"Rev": "40b00dd493d8fb98c255f0c6427f97fbf865a538"
		},
		{
			"ImportPath": "k8s.io/apiserver/pkg/storage/etcd3/preflight",
			"Comment": "kubernetes-1.9.4-beta.0",
			"Rev": "40b00dd493d8fb98c255f0c6427f97fbf865a538"
		},
		{
			"ImportPath": "k8s.io/apiserver/pkg/storage/names",
			"Comment": "kubernetes-1.9.4-beta.0",
			"Rev": "40b00dd493d8fb98c255f0c6427f97fbf865a538"
		},
		{
			"ImportPath": "k8s.io/apiserver/pkg/storage/storagebackend",
			"Comment": "kubernetes-1.9.4-beta.0",
			"Rev": "40b00dd493d8fb98c255f0c6427f97fbf865a538"
		},
		{
			"ImportPath": "k8s.io/apiserver/pkg/storage/storagebackend/factory",
			"Comment": "kubernetes-1.9.4-beta.0",
			"Rev": "40b00dd493d8fb98c255f0c6427f97fbf865a538"
		},
		{
			"ImportPath": "k8s.io/apiserver/pkg/storage/value",
			"Comment": "kubernetes-1.9.4-beta.0",
			"Rev": "40b00dd493d8fb98c255f0c6427f97fbf865a538"
		},
		{
			"ImportPath": "k8s.io/apiserver/pkg/util/feature",
			"Comment": "kubernetes-1.9.4-beta.0",
			"Rev": "40b00dd493d8fb98c255f0c6427f97fbf865a538"
		},
		{
			"ImportPath": "k8s.io/apiserver/pkg/util/flag",
			"Comment": "kubernetes-1.9.4-beta.0",
			"Rev": "40b00dd493d8fb98c255f0c6427f97fbf865a538"
		},
		{
			"ImportPath": "k8s.io/apiserver/pkg/util/flushwriter",
			"Comment": "kubernetes-1.9.4-beta.0",
			"Rev": "40b00dd493d8fb98c255f0c6427f97fbf865a538"
		},
		{
			"ImportPath": "k8s.io/apiserver/pkg/util/logs",
			"Comment": "kubernetes-1.9.4-beta.0",
			"Rev": "40b00dd493d8fb98c255f0c6427f97fbf865a538"
		},
		{
			"ImportPath": "k8s.io/apiserver/pkg/util/trace",
			"Comment": "kubernetes-1.9.4-beta.0",
			"Rev": "40b00dd493d8fb98c255f0c6427f97fbf865a538"
		},
		{
			"ImportPath": "k8s.io/apiserver/pkg/util/webhook",
			"Comment": "kubernetes-1.9.4-beta.0",
			"Rev": "40b00dd493d8fb98c255f0c6427f97fbf865a538"
		},
		{
			"ImportPath": "k8s.io/apiserver/pkg/util/wsstream",
			"Comment": "kubernetes-1.9.4-beta.0",
			"Rev": "40b00dd493d8fb98c255f0c6427f97fbf865a538"
		},
		{
			"ImportPath": "k8s.io/apiserver/plugin/pkg/audit/log",
			"Comment": "kubernetes-1.9.4-beta.0",
			"Rev": "40b00dd493d8fb98c255f0c6427f97fbf865a538"
		},
		{
			"ImportPath": "k8s.io/apiserver/plugin/pkg/audit/webhook",
			"Comment": "kubernetes-1.9.4-beta.0",
			"Rev": "40b00dd493d8fb98c255f0c6427f97fbf865a538"
		},
		{
			"ImportPath": "k8s.io/apiserver/plugin/pkg/authenticator/token/webhook",
			"Comment": "kubernetes-1.9.4-beta.0",
			"Rev": "40b00dd493d8fb98c255f0c6427f97fbf865a538"
		},
		{
			"ImportPath": "k8s.io/apiserver/plugin/pkg/authorizer/webhook",
			"Comment": "kubernetes-1.9.4-beta.0",
			"Rev": "40b00dd493d8fb98c255f0c6427f97fbf865a538"
		},
		{
			"ImportPath": "k8s.io/client-go/discovery",
			"Comment": "kubernetes-1.9.4-beta.0",
			"Rev": "9389c055a838d4f208b699b3c7c51b70f2368861"
		},
		{
			"ImportPath": "k8s.io/client-go/informers",
			"Comment": "kubernetes-1.9.4-beta.0",
			"Rev": "9389c055a838d4f208b699b3c7c51b70f2368861"
		},
		{
			"ImportPath": "k8s.io/client-go/informers/admissionregistration",
			"Comment": "kubernetes-1.9.4-beta.0",
			"Rev": "9389c055a838d4f208b699b3c7c51b70f2368861"
		},
		{
			"ImportPath": "k8s.io/client-go/informers/admissionregistration/v1alpha1",
			"Comment": "kubernetes-1.9.4-beta.0",
			"Rev": "9389c055a838d4f208b699b3c7c51b70f2368861"
		},
		{
			"ImportPath": "k8s.io/client-go/informers/admissionregistration/v1beta1",
			"Comment": "kubernetes-1.9.4-beta.0",
			"Rev": "9389c055a838d4f208b699b3c7c51b70f2368861"
		},
		{
			"ImportPath": "k8s.io/client-go/informers/apps",
			"Comment": "kubernetes-1.9.4-beta.0",
			"Rev": "9389c055a838d4f208b699b3c7c51b70f2368861"
		},
		{
			"ImportPath": "k8s.io/client-go/informers/apps/v1",
			"Comment": "kubernetes-1.9.4-beta.0",
			"Rev": "9389c055a838d4f208b699b3c7c51b70f2368861"
		},
		{
			"ImportPath": "k8s.io/client-go/informers/apps/v1beta1",
			"Comment": "kubernetes-1.9.4-beta.0",
			"Rev": "9389c055a838d4f208b699b3c7c51b70f2368861"
		},
		{
			"ImportPath": "k8s.io/client-go/informers/apps/v1beta2",
			"Comment": "kubernetes-1.9.4-beta.0",
			"Rev": "9389c055a838d4f208b699b3c7c51b70f2368861"
		},
		{
			"ImportPath": "k8s.io/client-go/informers/autoscaling",
			"Comment": "kubernetes-1.9.4-beta.0",
			"Rev": "9389c055a838d4f208b699b3c7c51b70f2368861"
		},
		{
			"ImportPath": "k8s.io/client-go/informers/autoscaling/v1",
			"Comment": "kubernetes-1.9.4-beta.0",
			"Rev": "9389c055a838d4f208b699b3c7c51b70f2368861"
		},
		{
			"ImportPath": "k8s.io/client-go/informers/autoscaling/v2beta1",
			"Comment": "kubernetes-1.9.4-beta.0",
			"Rev": "9389c055a838d4f208b699b3c7c51b70f2368861"
		},
		{
			"ImportPath": "k8s.io/client-go/informers/batch",
			"Comment": "kubernetes-1.9.4-beta.0",
			"Rev": "9389c055a838d4f208b699b3c7c51b70f2368861"
		},
		{
			"ImportPath": "k8s.io/client-go/informers/batch/v1",
			"Comment": "kubernetes-1.9.4-beta.0",
			"Rev": "9389c055a838d4f208b699b3c7c51b70f2368861"
		},
		{
			"ImportPath": "k8s.io/client-go/informers/batch/v1beta1",
			"Comment": "kubernetes-1.9.4-beta.0",
			"Rev": "9389c055a838d4f208b699b3c7c51b70f2368861"
		},
		{
			"ImportPath": "k8s.io/client-go/informers/batch/v2alpha1",
			"Comment": "kubernetes-1.9.4-beta.0",
			"Rev": "9389c055a838d4f208b699b3c7c51b70f2368861"
		},
		{
			"ImportPath": "k8s.io/client-go/informers/certificates",
			"Comment": "kubernetes-1.9.4-beta.0",
			"Rev": "9389c055a838d4f208b699b3c7c51b70f2368861"
		},
		{
			"ImportPath": "k8s.io/client-go/informers/certificates/v1beta1",
			"Comment": "kubernetes-1.9.4-beta.0",
			"Rev": "9389c055a838d4f208b699b3c7c51b70f2368861"
		},
		{
			"ImportPath": "k8s.io/client-go/informers/core",
			"Comment": "kubernetes-1.9.4-beta.0",
			"Rev": "9389c055a838d4f208b699b3c7c51b70f2368861"
		},
		{
			"ImportPath": "k8s.io/client-go/informers/core/v1",
			"Comment": "kubernetes-1.9.4-beta.0",
			"Rev": "9389c055a838d4f208b699b3c7c51b70f2368861"
		},
		{
			"ImportPath": "k8s.io/client-go/informers/events",
			"Comment": "kubernetes-1.9.4-beta.0",
			"Rev": "9389c055a838d4f208b699b3c7c51b70f2368861"
		},
		{
			"ImportPath": "k8s.io/client-go/informers/events/v1beta1",
			"Comment": "kubernetes-1.9.4-beta.0",
			"Rev": "9389c055a838d4f208b699b3c7c51b70f2368861"
		},
		{
			"ImportPath": "k8s.io/client-go/informers/extensions",
			"Comment": "kubernetes-1.9.4-beta.0",
			"Rev": "9389c055a838d4f208b699b3c7c51b70f2368861"
		},
		{
			"ImportPath": "k8s.io/client-go/informers/extensions/v1beta1",
			"Comment": "kubernetes-1.9.4-beta.0",
			"Rev": "9389c055a838d4f208b699b3c7c51b70f2368861"
		},
		{
			"ImportPath": "k8s.io/client-go/informers/internalinterfaces",
			"Comment": "kubernetes-1.9.4-beta.0",
			"Rev": "9389c055a838d4f208b699b3c7c51b70f2368861"
		},
		{
			"ImportPath": "k8s.io/client-go/informers/networking",
			"Comment": "kubernetes-1.9.4-beta.0",
			"Rev": "9389c055a838d4f208b699b3c7c51b70f2368861"
		},
		{
			"ImportPath": "k8s.io/client-go/informers/networking/v1",
			"Comment": "kubernetes-1.9.4-beta.0",
			"Rev": "9389c055a838d4f208b699b3c7c51b70f2368861"
		},
		{
			"ImportPath": "k8s.io/client-go/informers/policy",
			"Comment": "kubernetes-1.9.4-beta.0",
			"Rev": "9389c055a838d4f208b699b3c7c51b70f2368861"
		},
		{
			"ImportPath": "k8s.io/client-go/informers/policy/v1beta1",
			"Comment": "kubernetes-1.9.4-beta.0",
			"Rev": "9389c055a838d4f208b699b3c7c51b70f2368861"
		},
		{
			"ImportPath": "k8s.io/client-go/informers/rbac",
			"Comment": "kubernetes-1.9.4-beta.0",
			"Rev": "9389c055a838d4f208b699b3c7c51b70f2368861"
		},
		{
			"ImportPath": "k8s.io/client-go/informers/rbac/v1",
			"Comment": "kubernetes-1.9.4-beta.0",
			"Rev": "9389c055a838d4f208b699b3c7c51b70f2368861"
		},
		{
			"ImportPath": "k8s.io/client-go/informers/rbac/v1alpha1",
			"Comment": "kubernetes-1.9.4-beta.0",
			"Rev": "9389c055a838d4f208b699b3c7c51b70f2368861"
		},
		{
			"ImportPath": "k8s.io/client-go/informers/rbac/v1beta1",
			"Comment": "kubernetes-1.9.4-beta.0",
			"Rev": "9389c055a838d4f208b699b3c7c51b70f2368861"
		},
		{
			"ImportPath": "k8s.io/client-go/informers/scheduling",
			"Comment": "kubernetes-1.9.4-beta.0",
			"Rev": "9389c055a838d4f208b699b3c7c51b70f2368861"
		},
		{
			"ImportPath": "k8s.io/client-go/informers/scheduling/v1alpha1",
			"Comment": "kubernetes-1.9.4-beta.0",
			"Rev": "9389c055a838d4f208b699b3c7c51b70f2368861"
		},
		{
			"ImportPath": "k8s.io/client-go/informers/settings",
			"Comment": "kubernetes-1.9.4-beta.0",
			"Rev": "9389c055a838d4f208b699b3c7c51b70f2368861"
		},
		{
			"ImportPath": "k8s.io/client-go/informers/settings/v1alpha1",
			"Comment": "kubernetes-1.9.4-beta.0",
			"Rev": "9389c055a838d4f208b699b3c7c51b70f2368861"
		},
		{
			"ImportPath": "k8s.io/client-go/informers/storage",
			"Comment": "kubernetes-1.9.4-beta.0",
			"Rev": "9389c055a838d4f208b699b3c7c51b70f2368861"
		},
		{
			"ImportPath": "k8s.io/client-go/informers/storage/v1",
			"Comment": "kubernetes-1.9.4-beta.0",
			"Rev": "9389c055a838d4f208b699b3c7c51b70f2368861"
		},
		{
			"ImportPath": "k8s.io/client-go/informers/storage/v1alpha1",
			"Comment": "kubernetes-1.9.4-beta.0",
			"Rev": "9389c055a838d4f208b699b3c7c51b70f2368861"
		},
		{
			"ImportPath": "k8s.io/client-go/informers/storage/v1beta1",
			"Comment": "kubernetes-1.9.4-beta.0",
			"Rev": "9389c055a838d4f208b699b3c7c51b70f2368861"
		},
		{
			"ImportPath": "k8s.io/client-go/kubernetes",
			"Comment": "kubernetes-1.9.4-beta.0",
			"Rev": "9389c055a838d4f208b699b3c7c51b70f2368861"
		},
		{
			"ImportPath": "k8s.io/client-go/kubernetes/scheme",
			"Comment": "kubernetes-1.9.4-beta.0",
			"Rev": "9389c055a838d4f208b699b3c7c51b70f2368861"
		},
		{
			"ImportPath": "k8s.io/client-go/kubernetes/typed/admissionregistration/v1alpha1",
			"Comment": "kubernetes-1.9.4-beta.0",
			"Rev": "9389c055a838d4f208b699b3c7c51b70f2368861"
		},
		{
			"ImportPath": "k8s.io/client-go/kubernetes/typed/admissionregistration/v1beta1",
			"Comment": "kubernetes-1.9.4-beta.0",
			"Rev": "9389c055a838d4f208b699b3c7c51b70f2368861"
		},
		{
			"ImportPath": "k8s.io/client-go/kubernetes/typed/apps/v1",
			"Comment": "kubernetes-1.9.4-beta.0",
			"Rev": "9389c055a838d4f208b699b3c7c51b70f2368861"
		},
		{
			"ImportPath": "k8s.io/client-go/kubernetes/typed/apps/v1beta1",
			"Comment": "kubernetes-1.9.4-beta.0",
			"Rev": "9389c055a838d4f208b699b3c7c51b70f2368861"
		},
		{
			"ImportPath": "k8s.io/client-go/kubernetes/typed/apps/v1beta2",
			"Comment": "kubernetes-1.9.4-beta.0",
			"Rev": "9389c055a838d4f208b699b3c7c51b70f2368861"
		},
		{
			"ImportPath": "k8s.io/client-go/kubernetes/typed/authentication/v1",
			"Comment": "kubernetes-1.9.4-beta.0",
			"Rev": "9389c055a838d4f208b699b3c7c51b70f2368861"
		},
		{
			"ImportPath": "k8s.io/client-go/kubernetes/typed/authentication/v1beta1",
			"Comment": "kubernetes-1.9.4-beta.0",
			"Rev": "9389c055a838d4f208b699b3c7c51b70f2368861"
		},
		{
			"ImportPath": "k8s.io/client-go/kubernetes/typed/authorization/v1",
			"Comment": "kubernetes-1.9.4-beta.0",
			"Rev": "9389c055a838d4f208b699b3c7c51b70f2368861"
		},
		{
			"ImportPath": "k8s.io/client-go/kubernetes/typed/authorization/v1beta1",
			"Comment": "kubernetes-1.9.4-beta.0",
			"Rev": "9389c055a838d4f208b699b3c7c51b70f2368861"
		},
		{
			"ImportPath": "k8s.io/client-go/kubernetes/typed/autoscaling/v1",
			"Comment": "kubernetes-1.9.4-beta.0",
			"Rev": "9389c055a838d4f208b699b3c7c51b70f2368861"
		},
		{
			"ImportPath": "k8s.io/client-go/kubernetes/typed/autoscaling/v2beta1",
			"Comment": "kubernetes-1.9.4-beta.0",
			"Rev": "9389c055a838d4f208b699b3c7c51b70f2368861"
		},
		{
			"ImportPath": "k8s.io/client-go/kubernetes/typed/batch/v1",
			"Comment": "kubernetes-1.9.4-beta.0",
			"Rev": "9389c055a838d4f208b699b3c7c51b70f2368861"
		},
		{
			"ImportPath": "k8s.io/client-go/kubernetes/typed/batch/v1beta1",
			"Comment": "kubernetes-1.9.4-beta.0",
			"Rev": "9389c055a838d4f208b699b3c7c51b70f2368861"
		},
		{
			"ImportPath": "k8s.io/client-go/kubernetes/typed/batch/v2alpha1",
			"Comment": "kubernetes-1.9.4-beta.0",
			"Rev": "9389c055a838d4f208b699b3c7c51b70f2368861"
		},
		{
			"ImportPath": "k8s.io/client-go/kubernetes/typed/certificates/v1beta1",
			"Comment": "kubernetes-1.9.4-beta.0",
			"Rev": "9389c055a838d4f208b699b3c7c51b70f2368861"
		},
		{
			"ImportPath": "k8s.io/client-go/kubernetes/typed/core/v1",
			"Comment": "kubernetes-1.9.4-beta.0",
			"Rev": "9389c055a838d4f208b699b3c7c51b70f2368861"
		},
		{
			"ImportPath": "k8s.io/client-go/kubernetes/typed/events/v1beta1",
			"Comment": "kubernetes-1.9.4-beta.0",
			"Rev": "9389c055a838d4f208b699b3c7c51b70f2368861"
		},
		{
			"ImportPath": "k8s.io/client-go/kubernetes/typed/extensions/v1beta1",
			"Comment": "kubernetes-1.9.4-beta.0",
			"Rev": "9389c055a838d4f208b699b3c7c51b70f2368861"
		},
		{
			"ImportPath": "k8s.io/client-go/kubernetes/typed/networking/v1",
			"Comment": "kubernetes-1.9.4-beta.0",
			"Rev": "9389c055a838d4f208b699b3c7c51b70f2368861"
		},
		{
			"ImportPath": "k8s.io/client-go/kubernetes/typed/policy/v1beta1",
			"Comment": "kubernetes-1.9.4-beta.0",
			"Rev": "9389c055a838d4f208b699b3c7c51b70f2368861"
		},
		{
			"ImportPath": "k8s.io/client-go/kubernetes/typed/rbac/v1",
			"Comment": "kubernetes-1.9.4-beta.0",
			"Rev": "9389c055a838d4f208b699b3c7c51b70f2368861"
		},
		{
			"ImportPath": "k8s.io/client-go/kubernetes/typed/rbac/v1alpha1",
			"Comment": "kubernetes-1.9.4-beta.0",
			"Rev": "9389c055a838d4f208b699b3c7c51b70f2368861"
		},
		{
			"ImportPath": "k8s.io/client-go/kubernetes/typed/rbac/v1beta1",
			"Comment": "kubernetes-1.9.4-beta.0",
			"Rev": "9389c055a838d4f208b699b3c7c51b70f2368861"
		},
		{
			"ImportPath": "k8s.io/client-go/kubernetes/typed/scheduling/v1alpha1",
			"Comment": "kubernetes-1.9.4-beta.0",
			"Rev": "9389c055a838d4f208b699b3c7c51b70f2368861"
		},
		{
			"ImportPath": "k8s.io/client-go/kubernetes/typed/settings/v1alpha1",
			"Comment": "kubernetes-1.9.4-beta.0",
			"Rev": "9389c055a838d4f208b699b3c7c51b70f2368861"
		},
		{
			"ImportPath": "k8s.io/client-go/kubernetes/typed/storage/v1",
			"Comment": "kubernetes-1.9.4-beta.0",
			"Rev": "9389c055a838d4f208b699b3c7c51b70f2368861"
		},
		{
			"ImportPath": "k8s.io/client-go/kubernetes/typed/storage/v1alpha1",
			"Comment": "kubernetes-1.9.4-beta.0",
			"Rev": "9389c055a838d4f208b699b3c7c51b70f2368861"
		},
		{
			"ImportPath": "k8s.io/client-go/kubernetes/typed/storage/v1beta1",
			"Comment": "kubernetes-1.9.4-beta.0",
			"Rev": "9389c055a838d4f208b699b3c7c51b70f2368861"
		},
		{
			"ImportPath": "k8s.io/client-go/listers/admissionregistration/v1alpha1",
			"Comment": "kubernetes-1.9.4-beta.0",
			"Rev": "9389c055a838d4f208b699b3c7c51b70f2368861"
		},
		{
			"ImportPath": "k8s.io/client-go/listers/admissionregistration/v1beta1",
			"Comment": "kubernetes-1.9.4-beta.0",
			"Rev": "9389c055a838d4f208b699b3c7c51b70f2368861"
		},
		{
			"ImportPath": "k8s.io/client-go/listers/apps/v1",
			"Comment": "kubernetes-1.9.4-beta.0",
			"Rev": "9389c055a838d4f208b699b3c7c51b70f2368861"
		},
		{
			"ImportPath": "k8s.io/client-go/listers/apps/v1beta1",
			"Comment": "kubernetes-1.9.4-beta.0",
			"Rev": "9389c055a838d4f208b699b3c7c51b70f2368861"
		},
		{
			"ImportPath": "k8s.io/client-go/listers/apps/v1beta2",
			"Comment": "kubernetes-1.9.4-beta.0",
			"Rev": "9389c055a838d4f208b699b3c7c51b70f2368861"
		},
		{
			"ImportPath": "k8s.io/client-go/listers/autoscaling/v1",
			"Comment": "kubernetes-1.9.4-beta.0",
			"Rev": "9389c055a838d4f208b699b3c7c51b70f2368861"
		},
		{
			"ImportPath": "k8s.io/client-go/listers/autoscaling/v2beta1",
			"Comment": "kubernetes-1.9.4-beta.0",
			"Rev": "9389c055a838d4f208b699b3c7c51b70f2368861"
		},
		{
			"ImportPath": "k8s.io/client-go/listers/batch/v1",
			"Comment": "kubernetes-1.9.4-beta.0",
			"Rev": "9389c055a838d4f208b699b3c7c51b70f2368861"
		},
		{
			"ImportPath": "k8s.io/client-go/listers/batch/v1beta1",
			"Comment": "kubernetes-1.9.4-beta.0",
			"Rev": "9389c055a838d4f208b699b3c7c51b70f2368861"
		},
		{
			"ImportPath": "k8s.io/client-go/listers/batch/v2alpha1",
			"Comment": "kubernetes-1.9.4-beta.0",
			"Rev": "9389c055a838d4f208b699b3c7c51b70f2368861"
		},
		{
			"ImportPath": "k8s.io/client-go/listers/certificates/v1beta1",
			"Comment": "kubernetes-1.9.4-beta.0",
			"Rev": "9389c055a838d4f208b699b3c7c51b70f2368861"
		},
		{
			"ImportPath": "k8s.io/client-go/listers/core/v1",
			"Comment": "kubernetes-1.9.4-beta.0",
			"Rev": "9389c055a838d4f208b699b3c7c51b70f2368861"
		},
		{
			"ImportPath": "k8s.io/client-go/listers/events/v1beta1",
			"Comment": "kubernetes-1.9.4-beta.0",
			"Rev": "9389c055a838d4f208b699b3c7c51b70f2368861"
		},
		{
			"ImportPath": "k8s.io/client-go/listers/extensions/v1beta1",
			"Comment": "kubernetes-1.9.4-beta.0",
			"Rev": "9389c055a838d4f208b699b3c7c51b70f2368861"
		},
		{
			"ImportPath": "k8s.io/client-go/listers/networking/v1",
			"Comment": "kubernetes-1.9.4-beta.0",
			"Rev": "9389c055a838d4f208b699b3c7c51b70f2368861"
		},
		{
			"ImportPath": "k8s.io/client-go/listers/policy/v1beta1",
			"Comment": "kubernetes-1.9.4-beta.0",
			"Rev": "9389c055a838d4f208b699b3c7c51b70f2368861"
		},
		{
			"ImportPath": "k8s.io/client-go/listers/rbac/v1",
			"Comment": "kubernetes-1.9.4-beta.0",
			"Rev": "9389c055a838d4f208b699b3c7c51b70f2368861"
		},
		{
			"ImportPath": "k8s.io/client-go/listers/rbac/v1alpha1",
			"Comment": "kubernetes-1.9.4-beta.0",
			"Rev": "9389c055a838d4f208b699b3c7c51b70f2368861"
		},
		{
			"ImportPath": "k8s.io/client-go/listers/rbac/v1beta1",
			"Comment": "kubernetes-1.9.4-beta.0",
			"Rev": "9389c055a838d4f208b699b3c7c51b70f2368861"
		},
		{
			"ImportPath": "k8s.io/client-go/listers/scheduling/v1alpha1",
			"Comment": "kubernetes-1.9.4-beta.0",
			"Rev": "9389c055a838d4f208b699b3c7c51b70f2368861"
		},
		{
			"ImportPath": "k8s.io/client-go/listers/settings/v1alpha1",
			"Comment": "kubernetes-1.9.4-beta.0",
			"Rev": "9389c055a838d4f208b699b3c7c51b70f2368861"
		},
		{
			"ImportPath": "k8s.io/client-go/listers/storage/v1",
			"Comment": "kubernetes-1.9.4-beta.0",
			"Rev": "9389c055a838d4f208b699b3c7c51b70f2368861"
		},
		{
			"ImportPath": "k8s.io/client-go/listers/storage/v1alpha1",
			"Comment": "kubernetes-1.9.4-beta.0",
			"Rev": "9389c055a838d4f208b699b3c7c51b70f2368861"
		},
		{
			"ImportPath": "k8s.io/client-go/listers/storage/v1beta1",
			"Comment": "kubernetes-1.9.4-beta.0",
			"Rev": "9389c055a838d4f208b699b3c7c51b70f2368861"
		},
		{
			"ImportPath": "k8s.io/client-go/pkg/version",
			"Comment": "kubernetes-1.9.4-beta.0",
			"Rev": "9389c055a838d4f208b699b3c7c51b70f2368861"
		},
		{
			"ImportPath": "k8s.io/client-go/rest",
			"Comment": "kubernetes-1.9.4-beta.0",
			"Rev": "9389c055a838d4f208b699b3c7c51b70f2368861"
		},
		{
			"ImportPath": "k8s.io/client-go/rest/watch",
			"Comment": "kubernetes-1.9.4-beta.0",
			"Rev": "9389c055a838d4f208b699b3c7c51b70f2368861"
		},
		{
			"ImportPath": "k8s.io/client-go/tools/auth",
			"Comment": "kubernetes-1.9.4-beta.0",
			"Rev": "9389c055a838d4f208b699b3c7c51b70f2368861"
		},
		{
			"ImportPath": "k8s.io/client-go/tools/cache",
			"Comment": "kubernetes-1.9.4-beta.0",
			"Rev": "9389c055a838d4f208b699b3c7c51b70f2368861"
		},
		{
			"ImportPath": "k8s.io/client-go/tools/clientcmd",
			"Comment": "kubernetes-1.9.4-beta.0",
			"Rev": "9389c055a838d4f208b699b3c7c51b70f2368861"
		},
		{
			"ImportPath": "k8s.io/client-go/tools/clientcmd/api",
			"Comment": "kubernetes-1.9.4-beta.0",
			"Rev": "9389c055a838d4f208b699b3c7c51b70f2368861"
		},
		{
			"ImportPath": "k8s.io/client-go/tools/clientcmd/api/latest",
			"Comment": "kubernetes-1.9.4-beta.0",
			"Rev": "9389c055a838d4f208b699b3c7c51b70f2368861"
		},
		{
			"ImportPath": "k8s.io/client-go/tools/clientcmd/api/v1",
			"Comment": "kubernetes-1.9.4-beta.0",
			"Rev": "9389c055a838d4f208b699b3c7c51b70f2368861"
		},
		{
			"ImportPath": "k8s.io/client-go/tools/metrics",
			"Comment": "kubernetes-1.9.4-beta.0",
			"Rev": "9389c055a838d4f208b699b3c7c51b70f2368861"
		},
		{
			"ImportPath": "k8s.io/client-go/tools/pager",
			"Comment": "kubernetes-1.9.4-beta.0",
			"Rev": "9389c055a838d4f208b699b3c7c51b70f2368861"
		},
		{
			"ImportPath": "k8s.io/client-go/tools/reference",
			"Comment": "kubernetes-1.9.4-beta.0",
			"Rev": "9389c055a838d4f208b699b3c7c51b70f2368861"
		},
		{
			"ImportPath": "k8s.io/client-go/transport",
			"Comment": "kubernetes-1.9.4-beta.0",
			"Rev": "9389c055a838d4f208b699b3c7c51b70f2368861"
		},
		{
			"ImportPath": "k8s.io/client-go/util/buffer",
			"Comment": "kubernetes-1.9.4-beta.0",
			"Rev": "9389c055a838d4f208b699b3c7c51b70f2368861"
		},
		{
			"ImportPath": "k8s.io/client-go/util/cert",
			"Comment": "kubernetes-1.9.4-beta.0",
			"Rev": "9389c055a838d4f208b699b3c7c51b70f2368861"
		},
		{
			"ImportPath": "k8s.io/client-go/util/flowcontrol",
			"Comment": "kubernetes-1.9.4-beta.0",
			"Rev": "9389c055a838d4f208b699b3c7c51b70f2368861"
		},
		{
			"ImportPath": "k8s.io/client-go/util/homedir",
			"Comment": "kubernetes-1.9.4-beta.0",
			"Rev": "9389c055a838d4f208b699b3c7c51b70f2368861"
		},
		{
			"ImportPath": "k8s.io/client-go/util/integer",
			"Comment": "kubernetes-1.9.4-beta.0",
			"Rev": "9389c055a838d4f208b699b3c7c51b70f2368861"
		},
		{
			"ImportPath": "k8s.io/client-go/util/testing",
			"Comment": "kubernetes-1.9.4-beta.0",
			"Rev": "9389c055a838d4f208b699b3c7c51b70f2368861"
		},
		{
			"ImportPath": "k8s.io/kube-openapi/pkg/builder",
			"Rev": "50ae88d24ede7b8bad68e23c805b5d3da5c8abaf"
		},
		{
			"ImportPath": "k8s.io/kube-openapi/pkg/common",
			"Rev": "50ae88d24ede7b8bad68e23c805b5d3da5c8abaf"
		},
		{
			"ImportPath": "k8s.io/kube-openapi/pkg/handler",
			"Rev": "50ae88d24ede7b8bad68e23c805b5d3da5c8abaf"
		},
		{
			"ImportPath": "k8s.io/kube-openapi/pkg/util",
			"Rev": "50ae88d24ede7b8bad68e23c805b5d3da5c8abaf"
		},
		{
			"ImportPath": "k8s.io/kube-openapi/pkg/util/proto",
			"Rev": "50ae88d24ede7b8bad68e23c805b5d3da5c8abaf"
		},
		{
			"ImportPath": "k8s.io/kubernetes/pkg/api/legacyscheme",
			"Comment": "v1.9.3",
			"Rev": "d2835416544f298c919e2ead3be3d0864b52323b"
		},
		{
			"ImportPath": "k8s.io/kubernetes/pkg/apis/autoscaling",
			"Comment": "v1.9.3",
			"Rev": "d2835416544f298c919e2ead3be3d0864b52323b"
		},
		{
			"ImportPath": "k8s.io/kubernetes/pkg/apis/core",
			"Comment": "v1.9.3",
			"Rev": "d2835416544f298c919e2ead3be3d0864b52323b"
		},
		{
			"ImportPath": "k8s.io/kubernetes/pkg/apis/core/install",
			"Comment": "v1.9.3",
			"Rev": "d2835416544f298c919e2ead3be3d0864b52323b"
		},
		{
			"ImportPath": "k8s.io/kubernetes/pkg/apis/core/v1",
			"Comment": "v1.9.3",
			"Rev": "d2835416544f298c919e2ead3be3d0864b52323b"
		},
		{
			"ImportPath": "k8s.io/kubernetes/pkg/apis/extensions",
			"Comment": "v1.9.3",
			"Rev": "d2835416544f298c919e2ead3be3d0864b52323b"
		},
		{
			"ImportPath": "k8s.io/kubernetes/pkg/apis/networking",
			"Comment": "v1.9.3",
			"Rev": "d2835416544f298c919e2ead3be3d0864b52323b"
		},
		{
			"ImportPath": "k8s.io/kubernetes/pkg/apis/rbac",
			"Comment": "v1.9.3",
			"Rev": "d2835416544f298c919e2ead3be3d0864b52323b"
		},
		{
			"ImportPath": "k8s.io/kubernetes/pkg/apis/rbac/install",
			"Comment": "v1.9.3",
			"Rev": "d2835416544f298c919e2ead3be3d0864b52323b"
		},
		{
			"ImportPath": "k8s.io/kubernetes/pkg/apis/rbac/v1",
			"Comment": "v1.9.3",
			"Rev": "d2835416544f298c919e2ead3be3d0864b52323b"
		},
		{
			"ImportPath": "k8s.io/kubernetes/pkg/apis/rbac/v1alpha1",
			"Comment": "v1.9.3",
			"Rev": "d2835416544f298c919e2ead3be3d0864b52323b"
		},
		{
			"ImportPath": "k8s.io/kubernetes/pkg/apis/rbac/v1beta1",
			"Comment": "v1.9.3",
			"Rev": "d2835416544f298c919e2ead3be3d0864b52323b"
		},
		{
			"ImportPath": "k8s.io/kubernetes/pkg/features",
			"Comment": "v1.9.3",
			"Rev": "d2835416544f298c919e2ead3be3d0864b52323b"
		},
		{
			"ImportPath": "k8s.io/kubernetes/pkg/kubelet/apis/stats/v1alpha1",
			"Comment": "v1.9.3",
			"Rev": "d2835416544f298c919e2ead3be3d0864b52323b"
		},
		{
			"ImportPath": "k8s.io/kubernetes/pkg/util/parsers",
			"Comment": "v1.9.3",
			"Rev": "d2835416544f298c919e2ead3be3d0864b52323b"
		},
		{
			"ImportPath": "k8s.io/kubernetes/pkg/util/pointer",
			"Comment": "v1.9.3",
			"Rev": "d2835416544f298c919e2ead3be3d0864b52323b"
		},
		{
			"ImportPath": "k8s.io/metrics/pkg/apis/metrics",
			"Comment": "kubernetes-1.9.4-beta.0",
			"Rev": "f3733640389abc59db26dfca07debf6cb31b7e91"
		},
		{
			"ImportPath": "k8s.io/metrics/pkg/apis/metrics/install",
			"Comment": "kubernetes-1.9.4-beta.0",
			"Rev": "f3733640389abc59db26dfca07debf6cb31b7e91"
		},
		{
			"ImportPath": "k8s.io/metrics/pkg/apis/metrics/v1alpha1",
			"Comment": "kubernetes-1.9.4-beta.0",
			"Rev": "f3733640389abc59db26dfca07debf6cb31b7e91"
		},
		{
			"ImportPath": "k8s.io/metrics/pkg/apis/metrics/v1beta1",
			"Comment": "kubernetes-1.9.4-beta.0",
			"Rev": "f3733640389abc59db26dfca07debf6cb31b7e91"
		}
	]
}
